group_id,group_name,post_id,post_date,expected_comments,collected_comments,shortage_comments,status,post_url,content
184019427900518,REVIEW CÁC LOẠI SỮA CÔNG THỨC,787489054220216,2025-09-12T12:37:44.000Z,2451,20,2431,underfilled,https://www.facebook.com/groups/184019427900518/posts/787489054220216/,"Tui bế con vỗ ợ theo clip mạng mà toàn không ra hơi, cuối cùng ọc sữa 😤 Ai có tip vỗ ợ chuẩn share tui với. Với lại có mom nào dùng sữa tăng đề kháng đường ruột thấy bé đỡ ọc chưa, cho tuixin kinh nghiệm nữa ạ."
reviewsuacongthuc,Hội Review sữa công thức có tâm!!!,10006097816076753,2025-04-12T12:16:11.000Z,2386,20,2366,underfilled,https://www.facebook.com/groups/reviewsuacongthuc/posts/10006097816076753/,"Qua vụ sữa giả này, đã mẹ nào dính mua phải sữa cỏ/sữa giả chưa?Chụp lên đây mọi ng cùng né nha!"
183774529022936,HỘI REVIEW BỈM SỮA CHO BÉ <3,2080240136043023,2026-01-22T03:40:15.000Z,2333,20,2313,underfilled,https://www.facebook.com/groups/183774529022936/posts/2080240136043023/,"Gen Z làm mẹ là phải biết săn deal đk các mom? Cuối năm e kh sắm sửa gì nhiều cho bản thân, chỉ tập trung đầu tư cho con thui. Em mới gom mấy lon ap new 3 để bé uống dần qua Tết, sẵn tiện lấy mã tham gia quay thưởng. Nghĩ cảnh bỏ tiền mua sữa cho con mà nhỡ đâu trúng đc cái ip17pm thì đúng là cái Tết này ấm no lun. Vừa nuôi con khỏe, vừa có cơ hội nhận quà to, sao k thử các mẹ nhỉ?"
nuoiconbangsuacongthu,Nuôi Con Bằng Sữa Công Thức,1029466755974611,2025-10-12T05:38:35.000Z,2897,629,2268,underfilled,https://www.facebook.com/groups/nuoiconbangsuacongthu/posts/1029466755974611/,"Trời ơi, có mom nào giống em k 😭trước khi sinh là e ăn bao nhiêu chân giò, đậu xanh, mè đen các kiểu để gọi sữa mà cuối cùng vẫn bị thiếu sữa. Gặp ngay đợt con ốm vặt liên miên nữa chứ, người đã yếu mà không có đủ sữa bú nên con quấy khóc suốt, tội nghiệp lắm luôn Giờ em chỉ biết cho con uống sữa ct để bù dinh dưỡng với tăng đề kháng thui, mà thử mấy loại rồi vẫn không thấy hiệu quả gì nhiều. Em đang tính thử dòng này, có 6hmo đầu tiên tại VN và đặc biệt là 2 lớp đề kháng: lớp trong từ sữa non IgG, lớp ngoài là 6hmo với hmp tạo IgA bảo vệ con tối ưu hơn. Thành phần gần giống sữa mẹ nên em mạnh dạn vừa sắm đâyyy Không biết có mẹ nào dùng loại này chưa ạ? chia sẻ giúp em với"
183774529022936,HỘI REVIEW BỈM SỮA CHO BÉ <3,2080388606028176,2026-01-22T10:15:56.000Z,2135,20,2115,underfilled,https://www.facebook.com/groups/183774529022936/posts/2080388606028176/,"Bữa khoe trúng thưởng thẻ đt mà nhiều mẹ hỏi e cách tham gia săn quà ap new sao cho chuẩn =))) Đơn giản lắm mấy mom ơi, cứ mua lon ap new số 3 và cào lớp bạc trên tờ thông tin để lấy mã, quét ngay để biết có trúng thẻ cào k và giữ lại mã đó để chờ quay số quà khủng nè: đợt quay tới sẽ bao gồm trúng chuyến du lịch NZ với xe camry lận đó. Mom nào chưa biết thì tranh thủ ngay nha, quà tiền tỷ lận đó tr!!!!"
183774529022936,HỘI REVIEW BỈM SỮA CHO BÉ <3,1966059467461091,2025-09-12T12:33:36.000Z,2625,519,2106,underfilled,https://www.facebook.com/groups/183774529022936/posts/1966059467461091/,"em chuẩn bị đồ đi mổ mà lo quá. Thấy nhiều mom bảo nên chuẩn bị sữa ngoài, lỡ tắc sữa còn có cho bé bú. Bác sĩ cũng khuyên chọn loại hỗ trợ tiêu hóa + tăng đề kháng đường ruột. Giờ em đang lăn tăn giữa Meiji, Friso… mom nào có kinh nghiệm chỉ em với, để em mua sớm huhu."
nuoiconbangsuacongthu,Nuôi Con Bằng Sữa Công Thức,1021982116723075,2025-10-03T11:58:49.000Z,2110,20,2090,underfilled,https://www.facebook.com/groups/nuoiconbangsuacongthu/posts/1021982116723075/,"Các mom ơi, chuyện là con e đang tới mùa bệnh vặt nên cuối tuần mới chở anh nhỏ đi hỏi đổi sữa nào hợp rồi sẵn mua đồ ăn dặm các kiểu nữa. Ghé vào VNM mò mò mà được hên đang có chương trình thử sữa optimum nữa nha, nhân viên đề xuất loại xanh này hỗ trợ đề kháng ok vừa có 6HMO đầu tiên tại VN còn 2 lớp đề kháng, mẹ ứng mà thấy ảnh cũng chịu uống nên hốt lun Sốc có minigame còn cho lụm 1 năm uống sữa Optimum miễn phí luôn ể tham gia lấy quà ❤ các mom tranh thủ"
184019427900518,REVIEW CÁC LOẠI SỮA CÔNG THỨC,812024035100051,2025-10-10T11:12:21.000Z,2100,20,2080,underfilled,https://www.facebook.com/groups/184019427900518/posts/812024035100051/,"Có ai đau đầu vụ chuyển từ sữa bột sang pha sẵn cho con hong ạ? e thấy cũng nhìu mẹ thắc mắc á nhưng ít ai chia sẻ tip lắm nên sẵn con e mới đổi thành công nên nói cho mấy mom nè. Nhiều mẹ sẽ có thói quen là từ sữa bột mà đổi qua sữa pha sẵn là đổi luôn loại sữa, thành ra giống như con làm quen lại từ đầu, mất thời gian mà, nhiều khi con còn k quen lại gặp vấn đề tiêu hóa nữa. Như con e uống quen cái optimum colos dạng bột thấy hợp sữa nên e cho dùng luôn sữa pha sẵn nè, vẫn giữ đc 6hmo đầu tiên tại VN thành phần trong sữa mẹ mà còn có sữa non nhaaa. Trộm vía thế là vừa tiện vừa yên tâm, ở nhà SB mẹ pha, đi học là có SBPS bỏ túi rồiii Mấy mom nào đang lo vụ đổi sữa cho bé thì tham khảo thử nha, đỡ cực và con cũng dễ thích nghi hơn nhiều đó"
183774529022936,HỘI REVIEW BỈM SỮA CHO BÉ <3,1969923177074720,2025-09-16T14:12:01.000Z,2078,20,2058,underfilled,https://www.facebook.com/groups/183774529022936/posts/1969923177074720/,"Có ai giống e, cứ mỗi cột mốc phát triển của con là mừng mún khóc😭bé e mới 9m thôi mà đã mọc 4 cái răng, ngồi vững rồi đang tập bò quanh nhà. Nhìn lại mấy clip hồi còn bé xíu thấy thương ghê. mình thì sữa mẹ ít, từ đầu đã dặm thêm ap new cho con nên trvia thấy đề kháng con khoẻ, ít bệnh vặt là e vui dữ lắm. Giờ mỗi khi thấy con có j mới, vui vẻ hay lanh lẹ hơn là cả nhà thích dữ lắm, tới mức em gắn camera khắp nhà để ghi lại mấy khoảnh khắc đáng iu của con kkkk"
183774529022936,HỘI REVIEW BỈM SỮA CHO BÉ <3,2044215792978791,2025-12-07T13:39:43.000Z,2852,801,2051,underfilled,https://www.facebook.com/groups/183774529022936/posts/2044215792978791/,"Hôm trc có mom giới thiệu cho em cái optimum a2 pro+ mới của Vinamilk tốt lắm, nên em tạt qua mua luôn vài lốc cho con, đúng là đang cháy hàng thiệc. ​ ​ Màu tím quá là ưng mắt, mà hành phần cũng xịn nào là 6hmo, đạm quý a2 với MFGM và DHA từ tảo nữa, mà vị sữa thì nhạt thanh thơm béo dễ uống nên em cũng yên tâm. ​ ​ Các mom đừng chần chừ nựa, sữa xịn mà mua giờ còn được nhận thêm quà á."
402671786045954,HỘI MẸ BỈM HỎI - ĐÁP - REVIEW SỮA CÔNG THỨC,822288924084236,2025-09-25T07:46:25.000Z,2045,20,2025,underfilled,https://www.facebook.com/groups/402671786045954/posts/822288924084236/,"Thú thật e đang phân vân chuyện đi làm lại. Ở nhà thì gần con, chăm được từng ly từng tí, nhưng nhiều lúc bí bách, stress lắm. Đi làm thì có thu nhập, phát triển thêm, nhưng lại sợ gửi con ngoài con dễ bệnh. Bé nhà e sinh mổ, từ nhỏ e cho uống ap new nên đề kháng khá ổn, cũng đỡ lo phần sức khỏe. Nhưng tâm lý mẹ thì vẫn nặng nề 😓 Các mom chọn cách nào, đi làm hay ở nhà chăm con th ạ :(("
402671786045954,HỘI MẸ BỈM HỎI - ĐÁP - REVIEW SỮA CÔNG THỨC,821668777479584,2025-09-24T14:52:07.000Z,2027,20,2007,underfilled,https://www.facebook.com/groups/402671786045954/posts/821668777479584/,"Huhu tuần sau m phải đi làm lại rồi mà cứ lo lắng 😢 Bé mình hơi dễ bệnh, mặc dù bú mẹ hoàn toàn. Mìh sợ đi làm để bé cho bà chăm thì dễ ốm. Nghĩ tới cảnh vừa đi làm vừa lo con bệnh mà m stress luôn. Có dạo mấy gr tham khảo thì thấy nhiều mẹ chọn apnew cho con sinh mổ mình cũng định thử đây. thấy thành phần có synbiotic tăng dề kháng là mình cũng thấy đúng kỳ vọng r, hy vọng lúc m đi làm sẽ yên tâm hơn. Các mẹ cho m xin thêm review về khoảng phát triển trí não của sữa này đc ko ạ?"
804858320013004,HỘI REVIEW SỮA CÔNG THỨC,2263804457451709,2025-09-03T13:34:14.000Z,2029,30,1999,underfilled,https://www.facebook.com/groups/804858320013004/posts/2263804457451709/,"Các mom rì viu dùm e hộp Vinamilk cho em bé mà màu xanh lá ấy. Hôm qua e thấy qc, 2 lớp đề kháng là gì vậy các mom? thấy dạo này hot vụ sct có HMO gì đó. Con e hay ốm đổi trời, thiếu ký, mẹ chăm con muốn hói cả 😥"
6183167068463220,KINH NGHIỆM CHỌN SỮA CÔNG THỨC CHO BÉ YÊU,25393477500338889,2025-11-27T13:24:31.000Z,2009,20,1989,underfilled,https://www.facebook.com/groups/6183167068463220/posts/25393477500338889/,"Mấy mom ơiii cho em hỏi, Nan Supreme Pro pha xong để hơi nguội tí là có mùi hơi tanh tanh ko ạ? Em pha đúng chuẩn mà vẫn nghe mùi lạ, trong khi lúc nóng thì ko sao. Ko biết có phải bình bị ám mùi hay do sữa vậy luôn ạ, giúp em đi các mom ơi"
183774529022936,HỘI REVIEW BỈM SỮA CHO BÉ <3,1988310971902607,2025-10-06T09:15:04.000Z,1960,20,1940,underfilled,https://www.facebook.com/groups/183774529022936/posts/1988310971902607/,"Con nhà e bụng dạ yếu lắm, cứ ăn là hay ọc, đi học thì toàn bị đau bụng lặt vặt, e nghĩ chắc do sữa nên cũng có đổi qua vài loại nhưng cũng ko ổn, có loại bé ko chịu uống phải bỏ cả hộp hoặc tìm người cho :(( Ngồi lướt trong group thấy nhiều mẹ nhắc Optimum hợp với mấy bé tiêu hoá kém lắm, 6hmo đầu tiên tại VN, chất xơ các kiểu cũng hòm hòm thấy combo chuyên xây cái bụng khỏe òi đó Mà em ra đúng đợt rần rần đang chương trình khuyến mãi lớn j có của họ á, được uống thử sữa nữa các mẹ, thấy ông con hợp miệng làm lun 2 lý nên em đang cân nhắc chốt đơn đâyy"
6183167068463220,KINH NGHIỆM CHỌN SỮA CÔNG THỨC CHO BÉ YÊU,24506065922413389,2025-08-27T08:19:46.000Z,1960,20,1940,underfilled,https://www.facebook.com/groups/6183167068463220/posts/24506065922413389/,"Có mom nào smổ mà bị viêm tuyến sữa giống em hok😭Vết mổ thì còn đau, ngực lại căng tức, sốt hầm hập, bs nói viêm tuyến sữa dễ gặp ở mẹ mới sinh do ống tuyến bị tắc. Giờ em tạm cho bé bú thêm ap new để mẹ có thời gian dưỡng thương lại, thấy con chịu bú, tiêu hoá ổn nên cũng yên tâm phần nào🥹E thấy con bú tốt, sữa hợp thì chắc sau đi làm lại em sẽ duy trì cho con dùng luôn, chứ mẹ khoẻ con cũng khoẻ thì mới yên tâm các mẹ ạ"
183774529022936,HỘI REVIEW BỈM SỮA CHO BÉ <3,1872595286807510,2025-05-25T04:22:21.000Z,1928,20,1908,underfilled,https://www.facebook.com/groups/183774529022936/posts/1872595286807510/,"Em tính đi làm lại nên tập cho bé bú bình dần. Lúc đầu đổi 2 loại sữa liền mà bé nhè ra hết, cứ đòi ti mẹ thôi. Mãi tới khi đổi sang ap new do thấy mấy mom smổ khen nhiều nên e cũng thử thì trộm vía bé chịu bú, vị nhạt mát với có cthuc synbiotic giúp tăng đề kháng khỏe, phát triển trí não nữa. Bây giờ bà ngoại trông cũng cho bé uống được, em đi làm cũng đỡ lo cho con hơn😊"
402671786045954,HỘI MẸ BỈM HỎI - ĐÁP - REVIEW SỮA CÔNG THỨC,751564284490034,2025-07-08T10:42:37.000Z,1913,20,1893,underfilled,https://www.facebook.com/groups/402671786045954/posts/751564284490034/,"E biết smo là mệt mỏi, đau nhức người nhưng các mẹ chăm con cũng đừng quên bản thân mình nha. E nhớ chính e hồi sinh xong cứ ráng ôm con 24/7 mà quên ngủ nghỉ, rốt cuộc vừa stress vừa ko có sữa. Sau này rút kinh nghiệm: ăn đủ bữa, tranh thủ ngủ theo con, và đặc biệt là nhờ ck hỗ trợ cho bé bú bình ban đêm nè, em ko hút sữa mà cứ cho con bú trực tiếp thôi nên đêm ck e sẽ pha ap new cho con uống, e cũng đỡ lo. Vậy nên e được ngủ 1 mạch, tinh thần đỡ hơn hẳn. Mẹ mà khỏe thì mới chăm con tốt được, nên mom nào sinh mổ nhớ đừng gồng quá, chia việc ra cho đỡ mệt nha🫶"
nuoiconbangsuacongthu,Nuôi Con Bằng Sữa Công Thức,1066016678986285,2025-11-29T12:38:47.000Z,1886,20,1866,underfilled,https://www.facebook.com/groups/nuoiconbangsuacongthu/posts/1066016678986285/,"Con mình trước cứ bị chững cân, ốm yếu nhỏ xíu con à. Nên năm ngoái mình thử đổi qua Dielac Grow Plus, trộm vía bé hợp nên uống đều đặn lắm. Giờ có thêm hương dâu vs chuối mới ra nữa, vị thơm nhẹ ngọt thanh dễ uống, nên con mình càng thích sữa voi hơn nữa 🥰​ ​Duy trì cả năm nay em thấy đề kháng bé khoẻ hơn thiệc, đỡ ốm vặt còn tăng cân bền không bị trồi sụt nữa 🥹 sữa có 100% canxi D3K2 nên cũng cao lên rõ luôn. Giờ mỗi ngày 3 hộp Dielac là routine chuẩn của nhà em đó, mấy mom nào đang đau đầu vụ sữa thì thử mua cho con dùng nghen"
6183167068463220,KINH NGHIỆM CHỌN SỮA CÔNG THỨC CHO BÉ YÊU,25871733232513311,2026-01-22T03:39:57.000Z,1857,0,1857,missing,https://www.facebook.com/groups/6183167068463220/posts/25871733232513311/,"Cuối năm chi tiêu nhiều, tầm này là ốm ví r các mẹ ơi. Nên giờ e chuyển dần sang săn đồ km cho lãi, thay vì mua sữa như thông thường, thì e chọn ap new 3 vì thấy đang có chương trình trúng quà khủng. Vừa mở nắp đã trúng dc thẻ cào đt mừng rớt nc mắt lun. Đã thế, mã còn tiếp tục dùng để quay số trúng xe Camry sắp tới. Có mẹ nào đang tích mã dự thưởng như e k, điểm danh cái cho đỡ cô đơn với nhá!"
183774529022936,HỘI REVIEW BỈM SỮA CHO BÉ <3,1980750442658660,2025-09-28T12:48:34.000Z,1875,20,1855,underfilled,https://www.facebook.com/groups/183774529022936/posts/1980750442658660/,"Rắn con nhà mấy mom sao rồi ạ, rắn nhà em được 6 tháng rồi mấy chị ơi, trộm vía ai gặp cũng xin vía lia lịa nữa chứ 🥰. Thiệt tình là hồi đó con bú mẹ thì ít, bổ sung thêm sữa công thức cũng ko hợp, mà uống vào lại hay ọc sữa. Bác sĩ nói là do tiêu hoá con hơi kém, chọn sữa thì chọn sao cho đúng vấn đề, thế là bước ngoặt em chuyển qua dùng sữa Optimum Gold của nhà VNM từ đây á cả nhà. Thấy rần rần dòng này chuyên tiêu hóa, tận 6HMO đầu tiên tại VN nhaa, thêm chất xơ với lợi khuẩn nên đúng combo bất bại hỗ trợ đường ruột của con các mẹ ạ Trùi ui trộm vía cập nhật tình hình hiện tại cũng gần 2 tháng đóng họ, Rắn nhà em là hợp miệng ổng mà còn hợp cả cái bụng nha, uống xong là ngủ như hình ạ kkkkk. Mom nào còn sì trét tiêu hóa con thì tham khảo liền liền cho emmm"
184019427900518,REVIEW CÁC LOẠI SỮA CÔNG THỨC,807409525561502,2025-10-05T10:39:33.000Z,2527,703,1824,underfilled,https://www.facebook.com/groups/184019427900518/posts/807409525561502/,"Tình hình mưa bão vầy lo lắng ghê á mấy chị em, trưa thì nắng mà tối lại thì mưa gió dữ dội, bửa bế con đi dạo mà mưa bất chợt cái xong con bệnh luôn mấy chị, ý là cũng che chắn kỹ nhưng mà con cũng đề kháng yếu sẵn rồi. Thấy nhiều chị trên Tiktok cũng khen vs kêu cho uống Optimum, em cũng phân vân ra cửa hàng xem thử lun, bé nhân viên dễ thương tự vấn lắm, nói có 2 lớp đề kháng, lớp trong từ sữa non igG, lớp ngoài thì có 6hmo với hmp tạo igA giống như hàng rào chắn vi khuẩn. Nghe cũng yên tâm mà chưa biết thực tế bé uống có ổn không, dễ bú không. Mong các mom share thêm trải nghiệm để em tham khảo với ạ"
183774529022936,HỘI REVIEW BỈM SỮA CHO BÉ <3,1914480352619003,2025-07-15T06:11:28.000Z,1838,20,1818,underfilled,https://www.facebook.com/groups/183774529022936/posts/1914480352619003/,"Tối nằm nhìn bé ngủ tự dưng m thấy mình may mắn ghê mn ạ 😌 Sinh mổ 2 bé đều tự tay vợ chồng m cùng chăm. Bà nội ở gần thì nấu cơm mang qua phụ thág ở cữ , bà ngoại xa thì lâu lâu mới lên chơi vs vk ck m . Đêm thì 2 vk ck thay nhau trông bé, con trv rất ngoan , m chsẻ vs các mẹ là tập cho bé tự ngủ từ sớm là điều đúng đắn nhất luôn. chứ m nhớ hồi bé đầu cứ bế ru ngủ cả tiếng đồng hồ, m còn đau vết mổ, đau lưng muốn xỉu . pé út này thì m rút kn tập cho ngủ sớm và m tìm hiểu sct bổ sung synbiotic ngay từ đầu nên con tiêu hoá trv & ngủ sâu giấc hơn , ít quấy đêm . các mom có thể thử ap new nha , có synbiotic tăng đề kháng với dha cao , mình thấy con sáng dạ ko ốm vặt, mẹ yên tâm dưỡng sức với làm việc lặt vặt trong nhà, sữa về ít cũng đỡ lo, trv chill hơn nhiều luôn mn 😝"
6183167068463220,KINH NGHIỆM CHỌN SỮA CÔNG THỨC CHO BÉ YÊU,24087902774229708,2025-07-09T03:14:38.000Z,1835,20,1815,underfilled,https://www.facebook.com/groups/6183167068463220/posts/24087902774229708/,"Kể mn nghe chuyện hôm qua e lần đầu đi mua sct , còn 3w nữa e đẻ nè 😂 E đang loay hoay lựa thì thấy có 2 mom mua sữa đi ra , em nhìu chiện nên hỏi thăm á thì biết là họ đi sắp đẻ ở Hv giốg e lun :))) 1 bà sm 1 bà sthườg mua cùng 1 loại apnew. tại đó gi e cứ nghĩ là ap new chuyên sm thôi còn e sthường thì mua sct nào cũg đc . xong 2 bà khen quá e mới lụm luôn lon ap nhỏ lun nè. có mẹ nào trg này đẻ thuờg mà xài ap new lâu dài rùi hog? Rv dùm em tiếg đc hông ạ???"
6183167068463220,KINH NGHIỆM CHỌN SỮA CÔNG THỨC CHO BÉ YÊU,24091046837248635,2025-07-09T12:58:47.000Z,1843,30,1813,underfilled,https://www.facebook.com/groups/6183167068463220/posts/24091046837248635/,"Trời dạo này mưa thất thường quá mn ơi . Nhà e lúc nào cũng thủ sẵn vài món: hạ sốt, đường uống , nhiệt kế điện , mín hạ sốt, nước muối rửa mũi, máy hút mũi, với mấy loại siro ho , mà riêng siro đồ thì em trữ ít ít thôi . trv đang cho bé uống cái loại sct ap new đẻ mổ mà mây mom hay khen á , bé cũng đỡ khò khè hơn xưa , có lẽ trv x100lần là năm nay đỡ cực hơn năm ngoái á , bé cứng cáp hẳn nha. K biết mn còn hay trữ thêm gì mùa này k, share e tham khảo với nhen"
6183167068463220,KINH NGHIỆM CHỌN SỮA CÔNG THỨC CHO BÉ YÊU,25873491689004132,2026-01-22T10:15:15.000Z,1833,20,1813,underfilled,https://www.facebook.com/groups/6183167068463220/posts/25873491689004132/,"Thật sự là e phải tự nể sự nhạy bén của người mẹ á, thấy cái gì giảm giá khuyến mãi là có mặt em ở trỏng liền. Cho con uống ap new lâu rồi, từ hôm đầu biết tin có CTKM là hốt 1 đống về cào mã chờ trúng thưởng. E thì thích chiếc camry tới đợt quay cúi mới biết trúng hay ko lận nên tích mã đến đó, cầu mong có cơ hội nhận thưởng. Có mẹ nào giống em ko?"
183774529022936,HỘI REVIEW BỈM SỮA CHO BÉ <3,1914642829269422,2025-07-15T06:13:14.000Z,1817,20,1797,underfilled,https://www.facebook.com/groups/183774529022936/posts/1914642829269422/,"Mn ơi, m thấy sinh thường hay sinh mổ cx tuỳ cơ địa và tuỳ duyên thôi á 🥲 M hồi bầu cx ráng ăn uống tập thở mog sinh thườg cho khoẻ con, ai dè nc ối ít còn mình bị tim nhẹ nên phải mổ. trv m nghĩ miễn mẹ khoẻ con khoẻ là đc chứ cứ lo lắng vụ sinh thường chi cho cực lòng mn ạ. Về sữa thì m thấy k có sữa mẹ sớm cũng k sao đâu mn, mình cũg làm đủ cách nhưg mà sữa kém ko đủ con bú nên dặm thêm sữa ngoài, trv bé bú sct mà thấy nhẹ bụng chứ ko có nóg trong ng, phân vàng đẹp & trv ngủ ngoan, mìh thấy con cũg khoẻ mạnh hoạt bát nữa . Nên mn nào đang lo vụ sinh đẻ thì cứ ăn uống đầy đủ rág giữ tinh thần thoải mái nha, sanh kiểu gì cx được, quan trọng là mẹ con mạnh khoẻ, đi sinh thì mang sct tốt tốt xíu theo , mún con tăng đề khág thì chọn ap new cho có có synbiotic là chắc ăn nhút , vs lại sữa này pha nc ấm 40đ tiện trg lúc ở viện nữa , bé mình trv bú ngoan ăn ngủ tốt là phần nhờ hạp sữa đó mm."
183774529022936,HỘI REVIEW BỈM SỮA CHO BÉ <3,1848003509266688,2025-04-24T00:58:26.000Z,1817,20,1797,underfilled,https://www.facebook.com/groups/183774529022936/posts/1848003509266688/,"dạ các c e là ivf mom e, đang cân nhắc mang apnew theo đi sinh vì nghe bảo phù hợp cho bé cần hỗ trợ đề kháng cao nhất là sinh mổ á. Có mom ivf nào dùng chưa, cho em xin ít kinh nghiệm ạ? Chứ giờ nghe vụ sữa giả e hoang mang quá, e chờ mấy năm mới dc gặp con nên e mún cho con mọi điều tốt nhất, giá cao cũm được ạ. e mún dùng cho con lâu dài đề vừa khoẻ vừa phat triẻn trí não toàn diện."
183774529022936,HỘI REVIEW BỈM SỮA CHO BÉ <3,1872125590187813,2025-05-24T14:57:12.000Z,1739,20,1719,underfilled,https://www.facebook.com/groups/183774529022936/posts/1872125590187813/,"Hôm qua thấy Kidsplaza có chương trình mua 5 lon ap new số 3 tặng bếp điện đa năng cho mẹ nè kkk, em gom mua về trữ cho con luôn. Bé nhà em sinh mổ, đang uống dòng này vì có synbiotic tăng đề kháng với DHA cao cho trí não. Thấy khuyến mãi của apnew bên này cập nhật liên tục á nên up lên cho mấy mom mẹ bỉm săn chung."
6183167068463220,KINH NGHIỆM CHỌN SỮA CÔNG THỨC CHO BÉ YÊU,26475592195460742,2026-03-23T12:26:32.000Z,1715,20,1695,underfilled,https://www.facebook.com/groups/6183167068463220/posts/26475592195460742/,"Lần đầu làm mẹ lóng ngóng đủ thứ, hồi đầu ai chỉ sct gì e cũng ngó nghiêng mua theo nhưng sau vài lần con ko hợp sữa, túi tiền em cháy lủng thì e quyết tâm tìm hiểu thật kỹ sct r mới mua để con uống lâu dài luôn. Cuối cùng chọn đc ap new thấy đc nhìu lời khen với có vẻ là ok nhất. Đặc biệt bé nhà e cbi đi mẫu giáo, đổi môi trường cần đề kháng khỏe, ap new có synbiotic giúp hỗ trợ đề kháng con, thêm bộ 5 dưỡng chất với DHA cao hỗ trợ trí não khá ok, uống đc 2w thấy cũng êm nha mấy mom"
402671786045954,HỘI MẸ BỈM HỎI - ĐÁP - REVIEW SỮA CÔNG THỨC,901851496127978,2025-12-23T12:00:18.000Z,1740,60,1680,underfilled,https://www.facebook.com/groups/402671786045954/posts/901851496127978/,"Từ đầu năm đến giờ nhà em vẫn bổ sung optimum colos liên tục cho con. Nói thiệt là lúc đầu mê bao bì sau là mê cái dụ 6hmo, 2 lớp đề kháng IgA, IgG, đúng vấn đề mẹ cần Bữa giờ cuối năm trở trời với cũng hơi ô nhiễm, mà thấy con trộm vía ko sụt sịt là yên tâm hẳn Mua giờ còn đang có ctr khuyến mãi tới hết tháng 12 là hết quà, quà kiểu vừa học vừa chơi, hữu ích lắm mấy mom tranh thủ liền liền đi"
6183167068463220,KINH NGHIỆM CHỌN SỮA CÔNG THỨC CHO BÉ YÊU,24647430094943637,2025-09-12T12:36:50.000Z,2625,951,1674,underfilled,https://www.facebook.com/groups/6183167068463220/posts/24647430094943637/,"Các mom cho em xin ý kiến, em đang phân vân sữa ct cho bé 2 thg. Chủ yếu muốn loại giúp tiêu hóa khỏe, ít táo bón, tăng đề kháng tốt. Có ai cho bé uống Friso gold pro rồi so sánh với sữa khác chưa, chia sẻ điểm mạnh yếu giúp em với."
6183167068463220,KINH NGHIỆM CHỌN SỮA CÔNG THỨC CHO BÉ YÊU,26475598792126749,2026-03-23T14:35:18.000Z,1695,30,1665,underfilled,https://www.facebook.com/groups/6183167068463220/posts/26475598792126749/,"Nhà có bà nội hay xót cháu, thấy con dâu cho uống sct thì cằn nhằn. E phải mở clip tiktok chuyên gia sharing, rồi mở hẳn bảng thành phần apnew vừa tra gg vừa giải thích cho bà là sữa này có synbiotic phù hợp cho đề kháng trẻ sinh mổ , kèm bộ 5 dưỡng chất phát triển trí não cho con. Bà dạo này thấy trv cháu ít ốm vặt, đi chơi tương tác tốt nên cũng im im rồi tự tay pha sữa cho cháu luôn haha"
183774529022936,HỘI REVIEW BỈM SỮA CHO BÉ <3,2151879358879100,2026-04-15T14:11:51.000Z,1673,20,1653,underfilled,https://www.facebook.com/groups/183774529022936/posts/2151879358879100/,"Ai nói gì nói chứ e thấy thiết lập cho con thói theo pp EASY là 1 trong những quyết định đúng đắn nhất của em. PP này tạo cho con thói quen đúng giờ là dậy, đúng giờ là ăn, đúng giờ là ngủ, mẹ cũng dễ canh được thời gian con cần gì để mà chuẩn bị trước cho con em. Bé con e cứ 8h tối là làm cho 1 bình ap new 200ml, xong 2 mẹ con lên giường đọc truyện Ehon, 20h20 là con lim dim nhắm mắt ngủ. Ap new là e cho con uống từ lúc rèn EASY luôn do sẽ tự canh được liều lượng uống của con, có DHA cao giúp pt trí não cho con nữa nên cũng trvia. Các mẹ có con nhỏ thì có thể rèn EASY cho con từ sớm cũng tốt lắm nha"
183774529022936,HỘI REVIEW BỈM SỮA CHO BÉ <3,2151720088895027,2026-04-15T09:50:05.000Z,1657,20,1637,underfilled,https://www.facebook.com/groups/183774529022936/posts/2151720088895027/,"Các mẹ cho e hỏi thăm bé tầm 3 tháng thì các mẹ bổ sung thêm dưỡng chất gì ở ngoài cho con v? Con e sinh mổ, hiện tại e đang cho con uống ap new là chính ngoài ra ko bổ sung gì khác hết do dòng này có dưỡng chất giúp tăng đề kháng với trí não. Em cũng đang phân vân không biết giai đoạn này cần bổ sung gì thêm hay cứ như vậy là được rồi. Mai tới đợt con đi chích ngừa với kiểm tra tổng quát cho con luôn, e đang tính mua thêm D3K2 do thấy nhiều mẹ hay mua về bổ sung cho bé. Tầm này các mom thường ưu tiên dinh dưỡng cho bé theo hướng nào vậy ạ. Tvan cho em với nha."
nuoiconbangsuacongthu,Nuôi Con Bằng Sữa Công Thức,981460754108545,2025-08-10T14:18:33.000Z,1598,20,1578,underfilled,https://www.facebook.com/groups/nuoiconbangsuacongthu/posts/981460754108545/,"Tập 2 bộ phim truyền hình vài tập (chớ nhiều quá chắc xĩu kkk) xin được phép bắt đầu!!! 👶 Tập 1 thằng anh ra đời, mình đúng kiểu newbie cầm combo “nghe ai nói gì là gật”, cái gì cũng lo, từ cách pha sữa, bồng con, tập ăn dặm đến set giờ đi ngủ... nhưng nhiều lúc con ốm con quấy thì rối như tơ do chả biết con cần gì thiếu gì 😌 👶 Tới tập 2 mọi thứ khác biệt liền, hông phải mình giỏi hơn, chỉ là… mình đỡ lú hơn Thay vì đợi con ốm rồi lo, thì từ lúc biết sẽ sinh mổ tiếp là mình tự vào chế độ mẹ hardcore research vì tìm hiểu kỹ sinh mổ ảnh hưởng gì, lên group học kinh nghiệm chăm con, dinh dưỡng cho bé cho mẹ, lên lịch ngủ nghỉ các thứ rồi đi soi bảng thành phần sữa như dân phân tích dữ liệu, đọc review, hỏi group, đọc cả tài liệu nước ngoài cho chắc cú Nghiên cứu nhiều nhất chắc là chọn sữa, lựa chọn mãi rồi chốt đơn quả sữa cho bé sinh mổ Similac Total Protection vì được quá trời mom khen hỗ trợ miễn dịch và tiêu hoá từ sớm, em cũng hiểu chỉ cần bé miễn dịch tốt thì mọi thứ đều sẽ tốt, xong!!! Trvía cả năm nay ông nhỏ bụng ổn, ngủ ngoan, ăn khỏe, không còn cảnh mẹ thức trắng ôm con sốt 🤣 À mà… đừng tưởng con trai thì “bớt drama” nha, thằng em nó ăn nhanh, ăn nhiều, ăn luôn phần anh. Anh hai thì méc hoài “Mẹ ơi con ko nuôi em đâu, con trả em cho mẹ đó” 😩 Ủa chứ tui hok nuôi thì ai nuôi??? =)))) Mom nào giống em về khoản làm mẹ 2 lần là 2 phiên bản khác nhau không ạ =)))) chia sẻ em nghe với nhaa"
183774529022936,HỘI REVIEW BỈM SỮA CHO BÉ <3,1872638450136527,2025-05-25T05:43:52.000Z,1723,160,1563,underfilled,https://www.facebook.com/groups/183774529022936/posts/1872638450136527/,"Ko bít các mẹ có gặp trường hợp này ko nhưng bé nhà e sm tiêm vacxin 5in1 thì về có hành sốt mấy hôm nên em cũng lo người con hơi yếu, chắc 1 phần do sinh mổ. Sau thời gian em đổi sct cho con qua ap new uống thì thấy đề kháng con khỏe hơn nhiều. Đợt vừa rồi e mới dẫn đi tiêm não mô cầu ạ, nghe các mẹ bảo mũi tiêm này cũng khá nặng đô mà trộm vía con e về ko hành sốt các mẹ ạ. Em nghĩ đề kháng con có cải thiện tốt lên nên cũng muốn duy trì tới lớn luôn nè, thành phần thấy có synbiotic, DHA cũng okela quá chừng"
183774529022936,HỘI REVIEW BỈM SỮA CHO BÉ <3,1874913283242377,2025-05-28T02:17:15.000Z,1576,20,1556,underfilled,https://www.facebook.com/groups/183774529022936/posts/1874913283242377/,"Mùa này giao mùa nên thấy bé dễ ho sổ mũi quá, nhất là mấy bé sinh mổ như nhà em. Em đang cố gắng chăm từ ăn tới ngủ, nhưng cũng muốn hỗ trợ thêm từ sữa. Ai từng cho bé dùng ap new rồi cho em xin cảm nhận nha. Em thấy sữa này có cthức synbiotic giúp tăng đề kháng đã được cminh hiệu quả trên con smổ lun r. Bé nhà em dạo này hơi nhạy cảm, nên tìm sữa mát và dễ tiêu hóa nữa. Có mom nào cùng cảnh không, mình chia sẻ thêm kinh nghiệm đi ạ 🙏"
6183167068463220,KINH NGHIỆM CHỌN SỮA CÔNG THỨC CHO BÉ YÊU,26474146885605273,2026-03-23T04:19:07.000Z,1711,290,1421,underfilled,https://www.facebook.com/groups/6183167068463220/posts/26474146885605273/,"Gần 1 tuổi là e cbi rèn con tự ngủ với tự chơi để mẹ đỡ cực. Để con có sức tự lập, khoẻ mạnh thì e ưu tiên chọn sct chú trọng đề kháng để bù đắp phần nào thiệt thòi đẻ mổ hồi xưa. Nghe các mẹ sinh mổ hay khen ap new, lướt hình bé nào cũng thấy cưng nên e đu theo cho con uống ap new luôn, may sao trv con hợp phết. Sữa có synbiotic giúp tăng cường đề kháng với cả bộ 5 dưỡng chất phát triển trí não nên yên tâm hẳn. Sẵn mẹ nào có kinh nghiệm rèn con tự ngủ share e tí bí kíp nha"
183774529022936,HỘI REVIEW BỈM SỮA CHO BÉ <3,2181205532613149,2026-05-20T01:43:30.000Z,1344,62,1282,underfilled,https://www.facebook.com/groups/183774529022936/posts/2181205532613149/,"Đúng là đẻ mổ xong não em như cá vàng luôn mấy mẹ ạ, nãy cầm bình sữa đi pha cho con xong quay qua quay lại không nhớ vứt cái nắp ở đâu. Chồng e toàn trêu mẹ thì nhớ nhớ quên quên mà may sao chọn được sữa chuẩn. E dùng ap new vì tìm hiểu kỹ thấy có dưỡng chất phát triển trí não với synbiotic đặc chế tăng đề kháng cho bé sinh mổ. Thôi thì mẹ ngốc xíu cũng được miễn sao con e uống sữa vô có thêm dưỡng chất để khoẻ mạnh thông minh là e mãn nguyện rồi"
804858320013004,HỘI REVIEW SỮA CÔNG THỨC,2507668429731976,2026-06-02T08:50:06.000Z,1260,10,1250,underfilled,https://www.facebook.com/groups/804858320013004/posts/2507668429731976/,"Em thấy có nhiều bài review sữa sau vài ngày dùng, nhưng riêng em thì phải dùng một thời gian mới dám chia sẻ. Bé nhà em sinh mổ nên từ đầu em khá chú ý tới các dòng dành riêng cho nhóm này. Sau khi tìm hiểu thì em chọn ap new cho con do dòng này là dòng sct tốt cho con sinh mổ. Sữa này tập trung vào đề kháng và trí não, cũng là hai điều mà em quan tâm nhất ở giai đoạn đầu đời của con. Tất nhiên việc phát triển của bé còn phụ thuộc vào rất nhiều yếu tố khác, nhưng hiện tại em vẫn khá hài lòng với lựa chọn của mình, các mẹ sinh mổ có đang tìm sct cho con thì tham khảo thử dòng này nha"
hoiriviewsua,HỘI REVIEW SỮA CÔNG THỨC CHO BÉ 🍼🍼,1245806557684904,2026-02-28T03:37:03.000Z,1203,20,1183,underfilled,https://www.facebook.com/groups/hoiriviewsua/posts/1245806557684904/,"Bé nhà m trươcs hay đầy bụng về đêm nên ngủ không sâu, cứ ọ ẹ hoài. Đợt đó m stress dã man. Từ lúc chuyển sang friso mới, trộm díaa bụng bé nhẹ nhàng okila hơn nên ngủ cũng ổn định hơn nhiều. Đúng là tiêu hoá ổn thì mọi thứ dễ chịu hơn hẳn lun."
6183167068463220,KINH NGHIỆM CHỌN SỮA CÔNG THỨC CHO BÉ YÊU,26802684582751500,2026-04-21T06:22:25.000Z,1200,20,1180,underfilled,https://www.facebook.com/groups/6183167068463220/posts/26802684582751500/,"Các mẹ có bao giờ cảm thấy mình đang suy nghĩ quá nhiều về chuyện con phát triển chưa? em thì có, nhất là mấy chuyện liên quan tới trí não của con. Thấy con chậm hơn bạn cùng tuổi chút là bắt đầu lo. Sau này em mới hiểu mỗi đứa trẻ có nhịp phát triển riêng, cx ko nên so sánh quá nhiều. em chuyển sang dành thời gian chơi với con nhiều hơn, nói chuyện với con, rồi kết hợp thêm dinh dưỡng cho con. bé nhà em đang uống ap new, em chọn vì thấy vừa hỗ trợ tăng cường đề kháng vừa ptrien trí não, nhưng em nghĩ yếu tố quan trọng nhất vẫn là sự đồng hành của ba mẹ mỗi ngày, có mẹ có đồng tình với e ko"
6183167068463220,KINH NGHIỆM CHỌN SỮA CÔNG THỨC CHO BÉ YÊU,26804941999192425,2026-04-21T10:30:03.000Z,1168,20,1148,underfilled,https://www.facebook.com/groups/6183167068463220/posts/26804941999192425/,"Các mom sinh mổ cho em xin ít kinh nghiệm với ạ, dạo này bé nhà e bú nhìu hơn mà sữa mẹ thì đang ít dẫn, ko đủ cho con nên e tính mua thêm sct cho con uống. Trvía con từ lúc sinh đến giờ ít ốm vặt lắm, với cũng bắt đầu vào giai đoạn con tò mò, thích khám phá nên em muốn tìm sữa nào có hàm lượng DHA cao xíu để hỗ trợ trí não. Lượn lờ trong group thấy các mẹ sinh mổ rcm ap new nhiều, chủ yếu khen synbiotic đặc chế cho đề kháng. Nhưng không biết DHA và bộ dưỡng chất phát triển trí não của dòng này ok ko các mom? Mẹ nào cho con uống rồi review cho e vs."
6183167068463220,KINH NGHIỆM CHỌN SỮA CÔNG THỨC CHO BÉ YÊU,26680062115013748,2026-04-10T03:17:42.000Z,1305,175,1130,underfilled,https://www.facebook.com/groups/6183167068463220/posts/26680062115013748/,"GÓC CHIA SẺ m cho bé ti bình hoàn toàn, nhưng hút sữa giờ bị nứt cổ gà, đau lắm. Mình tính dặm thêm ap bạc vì nghe nói có giúp đề kháng tốt với hỗ trợ phát triển trí não. Mẹ nào xài rồi cho mình xin thêm rview với."
402671786045954,HỘI MẸ BỈM HỎI - ĐÁP - REVIEW SỮA CÔNG THỨC,840958552217273,2025-10-14T13:08:44.000Z,1146,20,1126,underfilled,https://www.facebook.com/groups/402671786045954/posts/840958552217273/,"Không biết mấy mom sao chứ cứ gần cuối năm là mình lại bắt đầu mùa săn deal 😆Tuần rồi mình vừa gom được vài lon sữa ap new cho con, sữa này bé uống hợp bụng, tiêu hóa tốt, giờ thấy sale cái là phải chốt luôn để dành. Công nhận nuôi con tốn kém nhưng mà mua ngay sale thì đỡ lo, sữa tốt con khỏe, mẹ nhẹ đầu"
183774529022936,HỘI REVIEW BỈM SỮA CHO BÉ <3,2152336362166733,2026-04-16T05:46:46.000Z,1128,20,1108,underfilled,https://www.facebook.com/groups/183774529022936/posts/2152336362166733/,"Mấy nay lu bu đi công tác để con ở nhà cho chồng e chăm mà lon sữa cạn đáy luôn mà ổng cũng ko để ý, tới lúc e về pha sữa cho con mở ra ko còn 1 cái gì luôn, mà 12h đêm ko còn chỗ nào mở bán hết trơn nên ráng dỗ con ngủ cho quên đi cơn đói @@ Sáng hsau e tức quá cãi lộn với ổng um sùm kêu ra mua 4 lon ap bạc về trữ luôn, tr ơi mấy đứa nhỏ nó uống hao dữ lắm nên nếu mua lẻ từng lon là phải canh vài hôm là mua lon mới liền, hên con e nó ngoan, quấy 1 xíu mệt lăn ra ngủ chứ ko có khóc ầm đó tr"
183774529022936,HỘI REVIEW BỈM SỮA CHO BÉ <3,2150765885657114,2026-04-14T08:28:11.000Z,1112,10,1102,underfilled,https://www.facebook.com/groups/183774529022936/posts/2150765885657114/,"Mấy nay bạn dâu tây nhà e mọc liền lúc mấy cái răng, đau lợi hay khóc đêm làm mẹ xót ruột quá tr huhu. Con khó ở nên lười nhai thức ăn thô, e toàn phải nấu cháo loãng, rồi dặm thêm sữa để con được bổ sung đủ chất. E cho con uống ap bạc từ tháng thứ 3 rồi, với e cx có nhờ ông bà chăm cháu phụ nữa nên pha sct sẽ tiện hơn, dòng này vừa giúp tăng đề kháng, trí não ok á các mẹ. Mẹ nào đang tìm hiểu thì có thể tham khảo ap bạc nha"
6183167068463220,KINH NGHIỆM CHỌN SỮA CÔNG THỨC CHO BÉ YÊU,26805375939149031,2026-04-21T10:29:47.000Z,1114,20,1094,underfilled,https://www.facebook.com/groups/6183167068463220/posts/26805375939149031/,Coi cái clip giấy ghi chú riết muốn thuộc lời lun mấy mẹ :))) nhà tui cũng có giấy mà giấy sinh mổ nha
804858320013004,HỘI REVIEW SỮA CÔNG THỨC,2469599540205532,2026-04-21T07:03:54.000Z,1097,10,1087,underfilled,https://www.facebook.com/groups/804858320013004/posts/2469599540205532/,"Mỗi tối trước khi ngủ em đều dành 15 phút đọc truyện cho con nghe á mấy mẹ. Đó g e có bh đọc sách vở j đâu mà từ khi có con, đọc sách cho con thấy con tập trung nhìn hình ảnh rồi a a phản hồi lại đáng iu cực kỳ. Em luôn cố gắng tương tác với con nhiều nhất có thể để con luôn cảm thấy được quan tâm, yêu thương, v thì mới giúp con kích thích ptrien đc trí não, cộng thêm bổ sung ap bạc mỗi ngày. Dòng này nổi bật với DHA và Lutein cao giúp hỗ trợ trí não và thị giác, còn có synbiotic đặc chế tăng cường đề kháng nữa. Dinh dưỡng giúp con phát triển toàn diện như v thực sự làm em an tâm rất nhiều, các mẹ có giống em ko"
912404789814271,REVIEW CÁC LOẠI SỮA CÔNG THỨC CHO BÉ YÊU,1674428776945198,2026-06-17T12:49:11.000Z,1144,60,1084,underfilled,https://www.facebook.com/groups/912404789814271/posts/1674428776945198/,"Mỗi lần vô mùa nắng mưa thất thường thế này là e lại lo các mom ạ, con sinh mổ nên từ lúc mới sinh e đã lo về chuyện đề kháng. Từ lúc trước đến nay em phải đổi đến 2 3 lần sữa cth rồi đó, mãi đến khi bà chị đồng nghiệp chỉ cho dòng ap new này, em mới thử chuyển sang. Dùng đc một thgian rồi, con em cứng cáp khỏe hơn hơn thấy rõ luôn. dòng này có synbiotic htrợ miễn dịch, bé hợp sữa lắm, nên trv thời tiết thế này mà ít phải đi gặp bs. mỗi bé hợp mỗi loại khác nhau đó, nhưg mà từ lúc chuyển qua ap new đến giờ là e qđịnh chuyển hẳn luôn. Các mẹ đang cho con uống dòng gì đó?"
183774529022936,HỘI REVIEW BỈM SỮA CHO BÉ <3,1837363313664041,2025-04-11T09:36:39.000Z,1516,483,1033,underfilled,https://www.facebook.com/groups/183774529022936/posts/1837363313664041/,"E nhờ các mẹ chỉ e chọn sct cho con vs ak. Lúc e mới sinh ko cbi sữa trc do thấy phía bvien có cho sữa, may là sinh xong sữa e về đều nên e nuôi con bằng sữa mẹ luôn. G con e 7m rồi, e cũng tới lúc phải i làm lại nên e đang muốn mua thêm sct dặm thêm cho con chứ hút ko kịp do bé cũng háu ăn😂Tập đầu sinh nở e ko có nhìu kn, tìm hiểu về mấy bé sm thì thấy con bị thiếu hụt về đề kháng, dễ ốm bệnh nên e cũng muốn tìm loại sữa tốt cho con, mắc cũng ko sao, tốt trí não con nữa thì càg tốt ak. Nuôi con bằng sữa mẹ 7m con khỏe mạnh lắm nên mong là con đổi qua sct thì vẫn ổn. E đang nghía vài loại cũng ổn áp, thấy ap new lon xanh dương thì đc nhìu mẹ sinh mổ mang theo khi đi sinh mà ko bít sữa ntn, nhờ các mẹ chia sẻ thêm giúp e ak"
6183167068463220,KINH NGHIỆM CHỌN SỮA CÔNG THỨC CHO BÉ YÊU,9333327893447106,2025-02-24T05:13:19.000Z,1443,435,1008,underfilled,https://www.facebook.com/groups/6183167068463220/posts/9333327893447106/,"Bữa lướt thấy bài đăng mom kia tắc sữa vẫn ráng vắt sữa cho con e thấy thương quá nên phải viết ngày một bài. Em cũng từng như mấy mom, lúc đầu em stress nhiều khi bị tắc sữa, dù đã thử đủ mọi cách mà sữa vẫn không về nhiều, con cứ khóc đòi bú mãi mà em cũng không thể đáp ứng đủ. Cảm giác vừa thương con vừa áp lực thật sự các mom ạ. May lúc đó em được một chị bạn giới thiệu sữa ap new, bảo sữa này phù hợp với mấy bé sinh mổ, rồi còn có synbiotic độc quyền giúp con tăng đề kháng nữa. Em quyết định thử ngay vì không còn cách nào khác, và kết quả thì mừng thật ạ. Vị sữa nhạt thanh nên bé nhà em uống rất hợp, lần nào uống sữa cũng ừng ực. Hơn nữa, từ khi chuyển sang Ap New, bé phát triển đều, chẳng còn ốm vặt hay quấy khóc nữa. Vậy nên mom nào đang gặp tình trạng tắc sữa, em thật sự khuyên nên bsung song song sct, để bản thân nghỉ ngơi thoải mái sữa mới về được. Đừng căng thẳng quá mom hen."
nuoiconbangsuacongthu,Nuôi Con Bằng Sữa Công Thức,1096437945944158,2026-01-15T01:02:33.000Z,1205,199,1006,underfilled,https://www.facebook.com/groups/nuoiconbangsuacongthu/posts/1096437945944158/,"Thú thật là mỗi lần đổi sữa cho con là e lo mún xỉu lun. Nhun Friso Pro lại hợp ngoài mong đợi. Bé chịu ún , phân mềm hơn, k còn cảnh quấy khóc giữa đêm vì bụng khó chịu nữa. E nhẹ đầu ghê kkk, các mom thì sao ạ, chia sẽ xem có giống em hong"
6183167068463220,KINH NGHIỆM CHỌN SỮA CÔNG THỨC CHO BÉ YÊU,26841855998834358,2026-04-24T05:33:34.000Z,1011,10,1001,underfilled,https://www.facebook.com/groups/6183167068463220/posts/26841855998834358/,"Mẹ bỉm ""mù công nghệ"" như em mà cũng vừa tự tay xuất bản được chiếc clip xịn xò khoe con đây cả nhà ơi! 😆✨ Không cần thuê team chuyên nghiệp đâu, bí kíp của em là dùng ngay template CapCut của [MINIGAME] MẸ ""DA"" TRƯỞNG LÀM CHỦ CUỘC CHƠI - MÙA MẪN CẢM, KHÔNG SAO MẸ ƠI! trên fanpage Nestlé FamilyNes Việt Nam đó. Thao tác siêu đơn giản, chỉ cần chọn vài tấm hình xinh nhất của bé chèn vào template là có ngay hiệu ứng và nhạc bắt trend cực mượt, chưa tới 5 phút đã xong xuôi rồi. Nhìn con trong clip khỏe mạnh, mẹ lại nhớ về hành trình chủ động bảo vệ con trước mùa mẫn cảm. Bí kíp của em là ưu tiên xây dựng nền tảng tiêu hóa vững vàng với NAN Supreme Pro. Nhờ có đạm whey thủy phân một phần với kích thước chỉ bằng 1/10 so với đạm bò trong sữa thông thường, giúp con tiêu hóa và hấp thu nhẹ nhàng hơn, phòng ngừa và hỗ trợ triệu chứng mẫn cảm về tiêu hoá như ọc sữa, khó tiêu, hay mẫn cảm da như mẩn đỏ, chàm sữa. Kết hợp cùng 5HMO và lợi khuẩn Bifidus BL giúp tăng đề kháng, nên dù môi trường thay đổi bé vẫn thích nghi rất tốt. Các mẹ tranh thủ tham gia để vừa có clip kỷ niệm, vừa có cơ hội rinh quà xịn về cho bé nha: 🎁 Quà tặng hấp dẫn: Sữa NAN Supreme Pro 3, Nồi chiên không dầu Elmich và cả Tablet Samsung nữa á. Mẹ truy cập vào Fanpage Nestlé FamilyNes Việt Nam để tham gia ngay nhen:[ https://www.facebook.com/share/p/1CebnZDNja/](https://www.facebook.com/share/p/1CebnZDNja/) Mẹ nào cần hỗ trợ cách làm cứ comment phía dưới em hướng dẫn nhiệt tình nha! ✨💛 #NANSupremepro3 #DamWheyThuyPhanMotPhan #HoTroVaPhongNguaManCam #MuaManCam #KhongSaoMeOi #taitro *Bài đăng được tài trợ bởi Nestlé Việt Nam"
6183167068463220,KINH NGHIỆM CHỌN SỮA CÔNG THỨC CHO BÉ YÊU,26786083481078277,2026-04-19T15:42:32.000Z,1000,10,990,underfilled,https://www.facebook.com/groups/6183167068463220/posts/26786083481078277/,"Mấy hôm nay thấy nhiều mẹ chia sẻ podcast *“Mùa Mẫn Cảm, Không Sao Mẹ Ơi!”* có chuyên gia dinh dưỡng Vi Thị Tươi với mẹ Trân Sunny nên mình cũng tò mò xem thử cách các mẹ phòng ngừa mẫn cảm cho con trong mùa này. Điều làm mình bất ngờ là… có những điều trước giờ mình nghĩ là tốt cho con nhưng sự thật lại không như vậy. Điều làm mình nhớ nhất là chia sẻ của mẹ Sunny: mẫn cảm của con không chỉ đến từ thời tiết hay môi trường, mà còn phụ thuộc vào nền tảng bên trong mình xây cho con có đủ vững hay không. Trước gời mình từng chăm con rất kỹ: kiểm soát nhiệt độ phòng phải, hạn chế thay đổi môi trường, đồ ăn cũng chọn lựa cẩn thận. Mỗi lần con nổi mẩn đỏ hay da khô kiểu chàm là mình nghĩ do thời tiết. Con chỉ cần đầy bụng, khó tiêu hay ọc sữa thì là mình lại cuống cuồng tìm cách xử lý. Nhưng lạ là chỉ đỡ được một thời gian rồi lại tái lại nên stress kinh khủng. Nghe mẹ Sunny chia sẻ mới thấy đúng thật: càng cố siết chặt bên ngoài thì mình càng mệt, mà cái gốc bên trong của con thì lại chưa được chú ý đúng mức. Nhờ bác Tươi giải thích kỹ, mình mới hiểu rằng nếu hệ tiêu hoá và đề kháng của con chưa ổn định, thì chỉ cần một thay đổi nhỏ từ môi trường cũng có thể khiến con phản ứng. Vì vậy, chỉ tập trung vào yếu tố bên ngoài thì không thể giải quyết triệt để được. Sau đó mình bắt đầu thay đổi lại cách chăm con. Không còn cố kiểm soát mọi thứ nữa, mà chuyển sang tập trung xây nền từ bên trong. Mình chú ý nhiều hơn đến hệ tiêu hoá, ưu tiên những gì nhẹ nhàng, dễ hấp thu như đạm whey thuỷ phân một phần, đồng thời bổ sung thêm 5HMO và lợi khuẩn Bifidus BL để hỗ trợ hệ vi sinh và tăng đề kháng cho con về lâu dài. Tìm hiểu kỹ hơn thì mình thấy có những dòng sản phẩm đã tích hợp sẵn các thành phần này, giúp việc lựa chọn cũng đơn giản hơn. Điểm mình thích ở Tập 2 là câu chuyện của mẹ Sunny rất đời thường, gần với thực tế nên dễ thấy mình trong đó. Không phải kiểu lý thuyết chung chung, mà là nghe xong có thể tự nhìn lại cách mình đang chăm con. Với mình, không phải học được một “mẹo” cụ thể nào, mà là thay đổi cách nhìn — từ việc cố kiểm soát mọi thứ bên ngoài sang tập trung xây dựng nền tảng bên trong cho con. Không biết các mẹ có từng rơi vào cảm giác giống vậy không — càng cố kiểm soát kỹ thì lại càng mệt, mà vấn đề của con vẫn cứ lặp lại. Nếu ai đã nghe rồi và cũng thấy “trúng” như mình thì chia sẻ thêm nha. Link Podcast cho mẹ nào cần nghe nha: https://www.facebook.com/share/v/1TRzWMNNGw/ #NANSupremepro3 #DamWheyThuyPhanMotPhan #HoTroVaPhongNguaManCam #MuaManCam #KhongSaoMeOi#taitro *Bài đăng được tài trợ bởi Nestlé Việt Nam"
reviewsuacongthuc,Hội Review sữa công thức có tâm!!!,10010425005644034,2025-04-13T04:10:25.000Z,1006,20,986,underfilled,https://www.facebook.com/groups/reviewsuacongthuc/posts/10010425005644034/,🤬 Đã đến lúc chúng ta kg thể im lặng được nữa. Ai mua phải sữa giả chụp lên đây. Chúng ta phải lên án mạnh mẽ và tẩy chay!
6183167068463220,KINH NGHIỆM CHỌN SỮA CÔNG THỨC CHO BÉ YÊU,26870659852620639,2026-04-26T09:40:26.000Z,989,10,979,underfilled,https://www.facebook.com/groups/6183167068463220/posts/26870659852620639/,"**Xem chuyên gia giải thích trên VTV mới thấy công sức tìm hiểu dinh dưỡng của mẹ thật đáng giá, trộm vía tháng 4 nóng ẩm mà con không còn nổi mẩn hay chướng bụng nữa.** Thời tiết mùa này ngày nào cũng nắng nóng oi bức khiến nhiều trẻ nhỏ dễ trở nên dễ mẫn cảm hơn. Quan sát trên các diễn đàn nuôi con, mình nhận thấy rất nhiều mẹ đang lo lắng khi bé gặp tình trạng nổi mẩn đỏ, chướng bụng đầy hơi hay nôn trớ trong giai đoạn giao mùa này, hồi trước con mình cũng vậy. Tình cờ xem được một video trên VTV phân tích chuyên sâu về chủ đề mẫn cảm ở trẻ, mình thấy những kiến thức chuyên môn này thực sự đáng giá để chia sẻ lại. Bác trên VTV có nhắc lại mấy cách chăm sóc cơ bản như giữ nhà cửa thoáng sạch, lau mồ hôi cho con thường xuyên để tránh nổi mẩn nhưng quan trọng nhất vẫn là phải xử lý tận gốc tình trạng mẫn cảm ở trẻ từ bên trong. Tuy nhiên, mình hoàn toàn nhất trí với quan điểm của bác : quan trọng nhất vẫn là phải xử lý tận gốc tình trạng mẫn cảm ở trẻ từ bên trong. Bác phân tích rõ, trẻ nhỏ có hệ tiêu hoá còn đang hoàn thiện, do đó nếu phải tiếp nhận nguồn dinh dưỡng khó tiêu như đạm sữa bò có kích thước lớn, hệ tiêu hóa phải làm việc nhiều hơn để phân tách đạm và dễ bị quá tải áp lực. Khi áp lực này kết hợp cùng các yếu tố như thời tiết thay đổi hay sinh hoạt xáo trộn (như khi con đi học mẫu giáo hoặc thử món ăn mới), bé sẽ rất dễ phát sinh các phản ứng mẫn cảm. Bởi vậy mình mới thấy lựa chọn bấy lâu nay là hoàn toàn đúng đắn khi luôn chú trọng đến nguồn đạm trong sữa bé uống hằng ngày, vì đây là thứ bé hấp thu hằng ngày chứ không chỉ theo từng thời điểm như mấy cái yếu tố bên ngoài. Thú thực là mình đã duy trì NAN Supreme Pro cho thanh niên nhà mình từ hồi bác nhi khoa tư vấn cho từ lúc bắt đầu uống thêm sữa công thức đến giờ. Nay xem video trên VTV mới càng thấy thấu rõ lý do chuyên môn tại sao con mình dùng lại hợp và ổn định như vậy. Đó là nhờ đạm whey thuỷ phân một phần đã được cắt nhỏ ra, kích thước chỉ còn khoảng một phần mười so với đạm sữa bò thông thường nên cơ thể bé hấp thu nhẹ nhàng hơn và giảm hẳn áp lực cho hệ tiêu hoá, từ đó không còn các biểu hiện của mẫn cảm da hay tiêu hóa. Thảo nào mà bấy lâu nay dù thời tiết miền Bắc có ẩm ương hay thỉnh thoảng sinh hoạt xáo trộn một chút thì trộm vía con mình vẫn rất ổn định. Bụng dạ êm ru mà da dẻ vẫn láng o, không còn bị mẩn đỏ hay ậm ạch khó chịu ôm bụng suốt như trước nữa. Đó là nhờ sự kết hợp giữa đạm whey thuỷ phân một phần cắt nhỏ 1/10 với phức hợp 5HMO hỗ trợ đề kháng và lợi khuẩn Bifidus BL giúp cân bằng hệ vi sinh đường ruột. Hiện tại mình vẫn tin dùng NAN Supreme Pro mỗi ngày để con có nền tảng dinh dưỡng ổn định nhất. Mẹ nào ngoài Bắc mình đang đau đầu vì con hay mẫn cảm mùa nồm ẩm này thì nên tham khảo hướng đạm cắt nhỏ này của chuyên gia nha. Mình để link video tư vấn của bác trên VTV ở đây cho các mẹ cùng xem lại nè, cực kỳ hữu ích luôn: [https://vtv.vn/video/vtv-song-khoe-tre-noi-man-non-oi-khi-giao-mua-108691257.htm](https://vtv.vn/video/vtv-song-khoe-tre-noi-man-non-oi-khi-giao-mua-108691257.htm) #NANSupremepro3 #DamWheyThuyPhanMotPhan #HoTroVaPhongNguaManCam #MuaManCam #KhongSaoMeOi #taitro *Bài đăng được tài trợ bởi Nestlé Việt Nam"
6183167068463220,KINH NGHIỆM CHỌN SỮA CÔNG THỨC CHO BÉ YÊU,26909876442032313,2026-04-29T09:00:24.000Z,988,10,978,underfilled,https://www.facebook.com/groups/6183167068463220/posts/26909876442032313/,"Có những ngày đi chơi, đi học hay chỉ đơn giản là thay đổi môi trường từng là những lúc mình lo nhất. Chỉ cần khác thời tiết, khác không gian hay lịch sinh hoạt một chút là bé dễ bị mẩn đỏ, chàm sữa và cũng có khi là cả chướng bụng, đầy hơi khiến mình lúc nào cũng phải dè chừng, lo sợ. Thực tế, mỗi lần thay đổi môi trường, nắng nóng, ra ngoài nhiều hay sinh hoạt không cố định đều khiến cơ thể bé phải thích nghi nhiều hơn. Mà khi hệ tiêu hoá và đề kháng chưa đủ vững thì những thay đổi này dễ tạo áp lực, từ đó xuất hiện các biểu hiện mẫn cảm ở con. Nên đây cũng là lý do trước đây, cứ đi chơi là mẹ lại lo. Nhưng rồi sau một thời gian, khi đã hiểu con hơn, mình nhận thấy là thay vì hạn chế trải nghiệm, điều quan trọng là chuẩn bị sẵn một nền tảng ổn định từ bên trong. Giờ đây, những buổi đi chơi không còn là điều cần tránh, mà trở thành một phần quan trọng để con được khám phá thế giới, hiểu biết nhiều hơn. Mình chọn cách chăm con khác đi, không cứ phải tìm cách tránh né mà tập trung nuôi dưỡng nền tảng bên trong cho con. Mình đã chọn một nền dinh dưỡng phù hợp có thể giúp bé hấp thu nhẹ nhàng hơn, đặc biệt với đạm whey thuỷ phân một phần. Vì loại đạm bò này có kích thước nhỏ chỉ bằng 1/10 đạm thông thường nên sẽ làm giảm áp lực cho hệ tiêu hoá trong những giai đoạn nhạy cảm. Bên cạnh đó, mình cũng cố gắng bổ sung thành phần 5HMO hỗ trợ đề kháng, kết hợp cùng lợi khuẩn Bifidus BL giúp cân bằng hệ vi sinh đường ruột, từ đó tạo nền tảng ổn định để cơ thể bé thích nghi tốt hơn với những thay đổi bên ngoài. Và kể từ đó mình nhận ra sự khác biệt rõ khi bây giờ bé vẫn đi chơi, vẫn khám phá nhưng những biểu hiện lặp lại trước đây không còn xuất hiện thường xuyên nữa. Mẹ cũng nhẹ lòng hơn quá trời. Mùa này, các bé nhà mình đang tham gia những hoạt động gì rồi nè? 🌿Mẹ chuẩn bị như thế nào để con vẫn thoải mái trải nghiệm mà không lo mẫn cảm quay lại? Chia sẻ cùng nhau nhé, vì một nền dinh dưỡng ổn định mỗi ngày cũng chính là hành trang giúp con tự tin thích nghi với thế giới xung quanh đó mẹ ơi 💛 #NANSupremepro3 #DamWheyThuyPhanMotPhan #HoTroVaPhongNguaManCam #MuaManCam #KhongSaoMeOi #taitro *Bài đăng được tài trợ bởi Nestlé Việt Nam"
183774529022936,HỘI REVIEW BỈM SỮA CHO BÉ <3,1811769016223471,2025-03-12T09:47:37.000Z,1432,460,972,underfilled,https://www.facebook.com/groups/183774529022936/posts/1811769016223471/,"Thiệt chứ mom nào sinh mổ con hay bịnh thì tham khảo tips của e xem sao. Này e cũng góp nhặt từ nhiều mom, nghe thì thấy bth mà nghiêm túc áp dụng cho con thì cũng trộm vía lắm: + Cho con phơi nắng mỗi sáng tầm 10-15 phút, vừa hấp thụ vitamin D vừa giúp con khỏe hơn + Xông tinh dầu sả chứ ko nên dùng quạt hay máy lạnh nhiều, trv con đỡ nghẹt mũi, ngủ cũng ngon hơn + Cố gắng hẹn chế ko kháng sinh hết sức có thể + Ko đổi sữa liên tục vì con sẽ dễ rối loạn tiêu hóa dẫn đến miễn dịch càng yếu Sương sương knghiem của e là vậy. Sau vài lần vật vã thì giờ nhà e đag trung thành với ap nzl có synbiotic độc quyền tốt cho đề kháng trẻ sinh mổ, theo em tìm hiểu thì đã kiểm chứng trên trẻ sinh mổ luôn rồi mà nhãn này cũng uy tín & lâu đời nữa. Trv con e hợp nên ít bệnh lặt vặt hẳn, cứng cáp da thịt chắc nụi à. Giờ thị trường sữa cỏ tràn lan, chọn sữa cho con nhớ chọn kĩ mới an tâm dc mấy mom ơi"
6183167068463220,KINH NGHIỆM CHỌN SỮA CÔNG THỨC CHO BÉ YÊU,25637773602575943,2025-12-26T02:08:39.000Z,1045,90,955,underfilled,https://www.facebook.com/groups/6183167068463220/posts/25637773602575943/,"Trước đây mình luôn nghĩ sữa xách tay hàng ngoại là tốt cho con. Nhưng rồi cứ mỗi lần trời trở lạnh, sau khi uống sữa bé lại hay nổi mẩn đỏ, ọc ói, bụng ậm ạch, ngủ không yên 😥 Đợt thời tiết đổi gió liên tục, tình trạng này lặp đi lặp lại khiến mình lo quá nên đưa con đi khám. Bác sĩ giải thích nguyên nhân không phải do bé có cơ địa yếu, mà liên quan nhiều đến loại đạm trong sữa công thức mẹ đang cho bé uống: Đạm bò nguyên vẹn có phân tử lớn, hệ tiêu hoá còn non của bé xử lý khó nên dễ gây đầy bụng và phản ứng mẫn cảm nhẹ vì thế nên chọn những loại đạm đã được cắt nhỏ nhiều lần như đạm thủy phân 1 phần nên bé tiêu hoá và hấp thu dễ hơn, ruột non đỡ áp lực, từ đó giảm nguy cơ mẩn đỏ khi thời tiết thay đổi. Nghe xong mình mới thật sự “ngộ ra” và bắt đầu tìm hiểu lại nghiêm túc. Trước đó mình vẫn cho con uống sữa xách tay, nhưng tìm kỹ thì hầu như không thấy dòng nào có đạm whey thuỷ phân một phần. Từ đó mình biết tới NAN Supreme Pro 3, hay mình hay gọi thân quen là NAN Vàng số 3 cho dễ nhớ. Sữa này có đạm whey thuỷ phân một phần, thêm 5HMO với lợi khuẩn Bifidus BL. Mấy thành phần này mình đều từng nghe bác sĩ nhắc tới, rất cần cho hệ tiêu hoá và đề kháng còn non của trẻ. Trước mình chọn sữa xách tay vì nghĩ hàng nước ngoài thì yên tâm hơn, nhưng tìm hiểu kỹ mới biết NAN Supreme Pro 3 được sản xuất và nhập khẩu nguyên lon từ Đức. Sữa được phân phối chính thức tại Việt Nam bởi Nestlé, trên lon có mã QR để mình tự quét kiểm tra nguồn gốc. Nguồn hàng thì ổn định, không lo đứt hàng giữa chừng. Lại còn hay có khuyến mãi ở mấy cửa hàng mẹ và bé với trên sàn nữa. Có gì thắc mắc từ pha sữa tới chất lượng là mình gọi hotline 18006699 hỏi luôn, rất tiện và yên tâm. Còn sữa xách tay thì mình thấy đúng là rủi ro thật. Thường mua qua cá nhân hoặc shop nhỏ, khó kiểm tra nguồn gốc. Lỡ lon sữa có vấn đề như phồng hay vón cục thì cũng chẳng biết gọi ai để hỏi hay khiếu nại. Sau một thời gian cho con dùng NAN Supreme Pro 3, mình thấy rõ con đỡ ậm ạch hẳn, ngủ sâu hơn, trời lạnh cũng không còn hay nổi mẩn nhẹ như trước. Phân đều và dễ theo dõi hơn nên mẹ cũng nhẹ cả người. Cuối cùng cũng tìm được công thức hợp với con, không phải đổi qua đổi lại mấy loại sữa nữa. Từ giờ mình xác định ưu tiên sữa chính hãng ở Việt Nam cho yên tâm lâu dài. Biết NAN Supreme Pro 3 nhập khẩu chính ngạch từ Đức và là thương hiệu Thuỵ Sĩ nên mình càng an tâm hơn. Cá nhân mình chấm điểm phần đạm nhỏ trong NAN Vàng số 3 là mười điểm luôn, thật sự không có gì để chê 😄 Mình chia sẻ lại để các mẹ trong group tham khảo. Nếu con có mấy dấu hiệu nhẹ như đầy bụng, ậm ạch hay nổi mẩn mỗi khi thời tiết thay đổi, mẹ thử xem lại loại đạm trong sữa nha. Với mấy bé hệ tiêu hoá còn non, đạm nhỏ tạo khác biệt rõ ràng lắm. Có mẹ nào từng đổi từ công thức đạm thường sang đạm nhỏ mà thấy con ổn định hơn không, vào chia sẻ thêm cho mình với để mình học hỏi thêm kinh nghiệm nhé 💛 #NANSupremepro3 #DamWheyThuyPhanMotPhan #HoTroVaPhongNguaManCam #HoTroTieuHoaDeKhang #taitro #TieuHoaKhoe #DeKhangTot #Mando #bungocach *Bài đăng được tài trợ bởi Nestlé Việt Nam"
183774529022936,HỘI REVIEW BỈM SỮA CHO BÉ <3,1915737469159958,2025-07-16T13:30:12.000Z,1433,485,948,underfilled,https://www.facebook.com/groups/183774529022936/posts/1915737469159958/,"Các mẹ thường mua ap new 3 cho con ở đâu v, e thấy mỗi tháng kids, concung hay kênh apta trên shope đều tặng quà á. E chỉ trung thành với sữa th à chứ mua ở đâu tùy hỉ tháng đó tặng quà gì kkkk, thường e để ý là kids hay tặng đồ chơi nhất, cocnung sẽ có thêm giảm giá sữa còn kênh của apta sẽ tặng đồ gia dụng cho mẹ ạ, em cần cái nào thì mua ở đó thoi, sau này con lớn con sẽ hiểu, mẹ làm tất cả cũng chỉ vì mẹ =)))"
nuoiconbangsuacongthu,Nuôi Con Bằng Sữa Công Thức,1014519244136029,2025-09-24T04:04:35.000Z,946,20,926,underfilled,https://www.facebook.com/groups/nuoiconbangsuacongthu/posts/1014519244136029/,"Mn ơi, có ai bị nhầm lẫn giống bạn e k 😅hôm qua bả mới nói cứ tưởng aptakid nước với Ap Anh bột cùng công thức vì có màu xanh giống nhau á. Nhưng mà hông phải, em cũng xài 2 dòng này cho con nè con em uống cả 2 rất ok, trộm vía: sữa nước Aptakid có cthuc đơn giản tiện lợi nên em cho con mang đi học đi chơi, dha cao tốt trí não. Ở nhà thì em xài sữa bột ap anh vì có hmo hỗ trợ thêm tiêu hoá cho con á. Cơ bản là công thức khác nhau nhưng đều tốt hết nha."
6183167068463220,KINH NGHIỆM CHỌN SỮA CÔNG THỨC CHO BÉ YÊU,24872227945797183,2025-10-06T05:28:57.000Z,943,20,923,underfilled,https://www.facebook.com/groups/6183167068463220/posts/24872227945797183/,"Mấy mom ơi, e thú thật trước đây e bị lú với mấy dòng apta lắm 😅biết dòng nào cũng tốt nhưng e ko phân biệt dòng nào hợp con mình. Sau tìm hiểu kỹ mới nhớ được cách phân biệt, note lại chia sẻ cho mn tham khảo: 👉🏻Ap new lon xanh dương có đường sinh mổ: phù hợp với con sinh mổ, có synbiotic tăng đề kháng + DHA cao cho trí não 👉🏻Ap úc lon bạc: thiên về phát triển toàn diện, đặc biệt có lutein hỗ trợ sáng mắt, ngoài ra DHA cao 👉🏻Ap anh lon xanh dương nhạt: hợp bé bú mẹ song song, có hmo tiêu hoá + miễn dịch. 👉🏻Ap es lon xanh lá: có hộp nhìn sang nhất thì có đạm a2 dễ hấp thu, nhẹ bụng, hợp bé nhạy cảm tiêu hoá Mỗi dòng đều có lợi ích riêng nên tuỳ nhu cầu của bé mà các mom chọn cho đúng nha"
6183167068463220,KINH NGHIỆM CHỌN SỮA CÔNG THỨC CHO BÉ YÊU,25632453709774599,2025-12-25T10:42:59.000Z,927,10,917,underfilled,https://www.facebook.com/groups/6183167068463220/posts/25632453709774599/,"Cuối năm ko dám mạnh tay mua sắm linh tinh, nên mấy khoản chi tui ưu tiên mấy thứ vừa cần vừa có lợi lâu dài. Như mua sữa cho con mà trúng thêm iphone 17 promax, nghe thôi là thấy hợp lý rồi. Ap new 3 đang có chương trình từ giờ tới 12/2, mỗi lon quét QR là có cơ hội trúng thẻ cào điện thoại, rồi còn quay trúng mấy giải lớn theo từng đợt nữa. Mấy bà nhớ để ý lịch quay tiếp theo là 8/1 nha. Tui thấy trên page để quà nhìu lắm á, xe camry, iphone 17, macbook pro với chuyến du lịch NZ nữa á."
804858320013004,HỘI REVIEW SỮA CÔNG THỨC,2471271936704959,2026-04-23T05:53:32.000Z,1123,207,916,underfilled,https://www.facebook.com/groups/804858320013004/posts/2471271936704959/,"Mấy nay công việc bận rộn e toàn đi làm về trễ, may có ba ở nhà chơi với con, xếp hình, đọc truyện nên bé cũng đỡ nhớ mẹ. Với e cx có dặn ba là pha ap bạc cho con uống do tối nào bé cũng uống hết, v thì con sẽ thấy yên tâm, no bụng đỡ nhớ hơi mẹ hơn. Sữa này đồng hành với bé nhà e cũng lâu rồi, có synbiotic đặc chế giúp tăng cường đề kháng và DHA cho não bộ nữa á nên e cũng khá là yên tâm cho con uống. Đúng là mẹ có bận mấy mà hậu phương vững chắc thì vẫn yên tâm các mom nhỉ"
6183167068463220,KINH NGHIỆM CHỌN SỮA CÔNG THỨC CHO BÉ YÊU,25638121979207772,2025-12-26T07:12:19.000Z,930,20,910,underfilled,https://www.facebook.com/groups/6183167068463220/posts/25638121979207772/,"Mấy mẹ ơi, đi mua ap new 3 nghe thấy có tặng quà, tưởng tặng voucher, nồi niu xoong chảo gì thôi ai dè tặng cả xe Camry, chuyến đi New Zealand, rồi iPhone với MacBook các kiểu. Mỗi lon quét QR có tặng liền thẻ cào điện thoại, xong còn tích mã quay thưởng. Bữa 25/12 thấy có mom trúng rồi nè đã thiệt á mấy bà =)))"
804858320013004,HỘI REVIEW SỮA CÔNG THỨC,2521619958336823,2026-06-17T08:23:48.000Z,1160,254,906,underfilled,https://www.facebook.com/groups/804858320013004/posts/2521619958336823/,"có mẹ nào đi mua sữa mà thấy giá mỗi nơi mỗi khác không? lúc đó em hoang mang lắm, ko biết chọn mua ở đâu cho yên tâm, thà xa nhà một chút mà mua ở mấy hệ thống lớn hoặc đlý chính hãng cho chắc chắn. Mà cũng nhờ đợt đó đi tham khảo nhiều mới biết, mấy mẹ trong hội nhiều ng dùng ap new này cho con. Em sinh mổ nên tìm sữa cth cũng cực lắm, may sao loại này con em trvía hợp sữa, uống xong thấy con cứng cáp, mấy bệnh lặt vặt gần như giảm hẳn. Loại này vừa htrợ đề kháng, ptr trí não.các mẹ trong hội mình đang mua sữa cho con ở đâu vậy ạ?"
6183167068463220,KINH NGHIỆM CHỌN SỮA CÔNG THỨC CHO BÉ YÊU,9207902435989653,2025-02-04T04:17:35.000Z,1014,109,905,underfilled,https://www.facebook.com/groups/6183167068463220/posts/9207902435989653/,"NĂM MỚI BẮT NGAY CÁCH MANIFEST CỰC TREND NÀY CHO BÉ KHỎE MẠNH CẢ NĂM NÈ CẢ NHÀ ƠI 😘 Đầu năm các mom thường sẽ có các hoạt động manifest cho các cục cưng như thế nào hen? Nhà em thì thường hay viết note xong dán tủ lạnh để manifest nè. Nhưng năm nay thì hơi khác bọt chút, chính là em đu trend tham gia TẠO THIỆP TẾT NHƯ Ý cùng nhà NAN & S26 đó nha. 👉 Đây, nói xong là có ngay link cho các mom trải nghiệm cùng em đây. Em ghi luôn hướng dẫn từng bước cho cả nhà cùng chơi nè: 💞 Bước 1: Các mom truy cập app [link] rồi ấn vào Tạo thiệp Tết. 🍒 Bước 2: Tiếp đến là chọn mong ước của các mom cho bé trong năm nay. Nếu mom mong con ăn ngon, ít bệnh thì chọn “Tiêu hoá tốt, đề kháng khoẻ cùng NAN A2” nha. 📸 Bước 3: Tải ảnh chân dung của con lên, chờ đợi 5 giây là có ngay những chiếc stickers hình con cùng chiếc e-card kèm lời chúc Tết ý nghĩa dành cho bé từ NAN A2. Nhìn chiếc thiệp cùng bộ sticker nhà NAN A2 siêu đáng yêu này, em cũng chỉ mong bé cưng bụng khỏe tiêu êm hệt như lời chúc trên thiệp vậy thôi. 💞💞💞 Thiệp và lời chúc đã có thì chắc chắn không thể thiếu 2 ly NAN A2 mỗi ngày để cục cưng nhà em khoẻ bụng, đề kháng vững vàng cả năm nè. Bé con nhà em thì đã đồng hành cùng NAN A2 từ những ngày đầu rồi. Đây là sữa công thức đầu tiên tại Việt Nam có sự kết hợp của bộ đôi đạm quý A2 & 5HMO và được nhập khẩu nguyên lon từ Thụy Sĩ đó. Đạm A2 hỗ trợ hấp thu, bé sẽ được cải thiện tiêu hoá, tạo đà tăng cân đều đều. Còn phức hợp quý 5HMO tăng cường lợi khuẩn, củng cố hàng rào miễn dịch, bảo vệ bé khỏi tác nhân gây bệnh. Trộm vía bạn nhà em từ khi uống NAN A2 thấy tiêu hóa khỏe re, mà đề kháng cũng đỉnh nên ít bị ốm vặt, cân nặng cứ tăng đều đều luôn đó. ✅ Rồi rồi, mom mau tay đu trend tạo thiệp “mom-made"" và lì xì thêm lon NAN A2 cho bé để manifest bé có 1 khởi đầu hoàn mỹ, cả năm như ý luôn nhen! #NAN #ChonNanSuaMatThuySi #KhoiDauHoanMy #CaNamNhuY #NANA2ThuySiBuoc3 #NANInfiniproA2Buoc3 #SuadamA2HoTroTieuHoa #5HMOTangCuongDeKhang"
6183167068463220,KINH NGHIỆM CHỌN SỮA CÔNG THỨC CHO BÉ YÊU,9157194614393769,2025-01-25T14:23:54.000Z,1154,266,888,underfilled,https://www.facebook.com/groups/6183167068463220/posts/9157194614393769/,"🥛 RÌ VIU SỮA NAN A2 BAO BÌ MỚI TRONG GIỎ HÀNG SẮM TẾT CỦA MẸ BỈM Kể các mom nghe, nay mình cùng bé con nhà mình đi Concung “sắm sữa Tết"" thì để ý một diện mạo xịn sò trông khá lạ của “cạ cứng” nhà mình - Sữa mát Thuỵ Sĩ NAN A2. Nên là phải rinh ngay 1 lon bao bì mới về và lên bài chia sẻ ngay cho cả nhà đây. Mẹ đang tò mò những điểm mới trong bao bì phải không? Để mình review cho các mẹ nha! ✨Ở mặt trước thì hình ảnh của bộ đôi đạm A2 & 5HMO rõ ràng và nổi bật khiến mình bị thu hút ngay từ cái nhìn đầu tiên. Mẹ nào đang tìm sữa mát cho con thì sẽ yên tâm với hai dưỡng chất quý này từ sữa NAN A2 đó! ✨ Ở mặt sau thì bao bì được bổ sung thêm Giọt sữa mát trứ danh của sữa NAN Thuỵ Sĩ. Đây là chi tiết mà mình thích nhất đó, vì nhìn vào là biết ngay NAN A2 rất chi là mát và tốt cho hệ tiêu hóa của cục cưng luôn. Để bật mí nhỏ cho các mẹ thì NAN A2 là sữa công thức đầu tiên tại Việt Nam có sự kết hợp của bộ đôi đạm A2 & 5HMO đó, siêu uy tín luôn nè. Đạm A2 thì giúp cải thiện tiêu hoá và hấp thu dễ dàng còn phức hợp quý 5HMO nuôi dưỡng lợi khuẩn, ức chế hại khuẩn phát triển, từ đó tăng cường miễn dịch. 🔥 Mình là mình vote 100/10 cho chiếc “áo mới"" siêu xịn sò này luôn đó! Bao bì đã cải tiến hơn và chất lượng sữa vẫn giữ nguyên, nên cứ yên tâm các mẹ nhé. Bé nhà mình uống sữa hợp bụng quá chừng, vừa cải thiện tiêu hoá mà còn tăng đề kháng. Mình thấy con ăn uống ngon miệng, hấp thu tốt nên là cân nặng cứ nhích đều đều thôi à. Mà đặc biệt, con cũng luôn vui vẻ hoạt bát ngay cả khi thời tiết thay đổi thất thường, mình chăm con nhẹ nhàng hơn nhiều. Bởi vậy, năm nay giỏ hàng Tết của mình chắc chắn không thể thiếu sữa NAN A2 diện áo mới rồi. Mình còn chuẩn bị kế hoạch lì xì cho con 2 ly NAN A2 mỗi ngày để con tiêu hoá êm ru, luôn khoẻ mạnh để tận hưởng một mùa Tết hoàn mỹ, mở đầu cho cả năm Ất Tỵ như ý trọn vẹn đó ạ! 🌼 Các mẹ nhanh tay check-in sữa NAN A2 bao bì mới và chia sẻ cảm nhận về sự thay đổi này nhé. Và hãy lựa chọn NAN A2 cho con có tiêu hoá êm, đề kháng khoẻ trong năm mớ nha mẹ ơi! #NAN #ChonNanSuaMatThuySi #KhoiDauHoanMy #CaNamNhuY #NANA2ThuySiBuoc3 #NANInfiniproA2Buoc3 #SuadamA2HoTroTieuHoa #5HMOTangCuongDeKhang"
6183167068463220,KINH NGHIỆM CHỌN SỮA CÔNG THỨC CHO BÉ YÊU,26668725322814094,2026-04-09T07:11:16.000Z,1326,533,793,underfilled,https://www.facebook.com/groups/6183167068463220/posts/26668725322814094/,"Những tháng ở cữ của mọi người trôi qua ntn v?Nhớ lại e hồi đó thì ngoài chăm con, làm việc nhà, nghỉ ngơi…cũng muốn làm thêm gì đó cho bản thân. Cũng khó tại có con r lu bu lắm. Nhma nghĩ thoáng hơn thì đoạn mới sinh xong, mình cố gắng tập trung vào con hơn thay vì bản thân, xây dựng nền tảng từ đầu cho con khoẻ thì sau này mình nhàn hơn. E ít sữa nên cũng dặm ap bạc thêm. Dòng này có DHA cao hỗ trợ phát triển trí não vs vitamin cho thể chất nữa. Nchung là h nhìn lại thì thấy mình qđ đúng các mom ạ^^ h con lớn khoẻ trvia lắm"
183774529022936,HỘI REVIEW BỈM SỮA CHO BÉ <3,2029324444467926,2025-11-19T12:42:04.000Z,1332,559,773,underfilled,https://www.facebook.com/groups/183774529022936/posts/2029324444467926/,"Có những ngày e chăm con 1 mình từ sáng tới tối, ko 1 ai hỏi quan tâm, phụ giúp hết các mẹ ạ. Biết là ck e bận, ổng đi làm xa nhưng e cô đơn quá, ba mẹ 2 bên thì ở dưới quê xa đâu có bỏ bê lên với em được. E chỉ có các chị hàng xóm hỏi thăm, an ủi để phấn chấn lên th. Nhưng e đỡ cực hơn các mẹ bỉm smo 1 điều là cơ địa e ko có sữa nên pha sct cho con uống, cũng linh hoạt được thời gian chăm sóc con chăm sóc bản thân. Bé con e cũng lanh lợi ngoan ngoãn, dễ nuôi ko làm khổ mẹ🤣🤣 Với trvia con cũng đề kháng tốt, trí não tốt, an ủi e phần nào các mẹ ạ"
184019427900518,REVIEW CÁC LOẠI SỮA CÔNG THỨC,876129098689544,2025-12-27T14:58:03.000Z,787,62,725,underfilled,https://www.facebook.com/groups/184019427900518/posts/876129098689544/,"✨ Các mẹ ơi, dạo này mình thấy mọi người bàn nhiều về việc công thức sữa như thế nào mới gọi là “sữa mát” cho con. Thú thật là trước đây mình cũng nghĩ đơn giản: sữa mát chỉ cần giúp bụng con êm, đi poo đều là được. Thế mà, sau khi xem 1 chuyên gia dinh dưỡng chia sẻ về cách để chăm con mát dạ chuẩn khoa học, mình mới vỡ lẽ ra “mát” thật sự không chỉ nằm ở tiêu hoá, mà còn nằm ở việc bé có hấp thu tốt hay không và đề kháng có vững vàng để bé vui khỏe hay không, vì tiêu hóa và đề kháng liên quan mật thiết hơn mình từng nghĩ rất nhiều luôn đó mọi người! 🧡 Mà đúng nha, khi để ý kỹ hơn mình thấy rõ ràng tiêu hoá và đề kháng không tách rời. Khi tiêu hoá con tốt, đề kháng cũng mạnh mẽ để vui chơi hơn. Mình rút ra rằng muốn con thật sự khoẻ, phải để hai hệ này “ăn khớp” cùng nhau, tạo thành lá chắn kép. 🧡 Bởi vậy mình mừng lắm vì đã tìm đúng công thức kích hoạt được vòng cộng hưởng khi sử dụng sữa mát Thụy Sĩ NAN Infinipro A2 công thức cải tiến mới. Sau một thời gian dùng, mình thấy những dấu hiệu “mát bụng” rõ ràng hơn hẳn. Trộm vía con không còn căng bụng, khó chịu, ăn xong không đầy, đi poo đều đặn, ngủ sâu. Điều mình ưng nhất là con ít ốm vặt và khi trở trời chỉ sụt sịt nhẹ rồi khoẻ nhanh. Với mình, đây mới chính là “mát” một cách toàn diện - không chỉ là bụng êm, mà còn là miễn dịch cũng phải khoẻ nữa đúng không nào! ☘️ Mình đã tin chọn NAN Infinipro A2 - dòng sữa mát Thụy Sĩ chuẩn khoa học với công thức Đạm A2 – 6HMO – lợi khuẩn kép, giúp tiêu hoá êm, đề kháng tốt. Khi hai hệ tiêu hoá và đề kháng cùng khoẻ, đó mới là nền tảng vững chắc giúp con phát triển toàn diện mà bà mẹ nào cũng mong muốn con mình có được đó. Tìm hiểu kỹ trên website thì mình an tâm hơn vì đây là sản phẩm nhập nguyên lon từ Thụy Sĩ, có nguồn gốc uy tín, được bảo chứng bởi hơn 155 năm nghiên cứu khoa học của Nestlé luôn đó.💫 Mẹ nào cũng cùng quan điểm với mình về “sữa mát” không thì chia sẻ cảm nhận hoặc câu chuyện ‘mát dạ’ của bé để cùng nhau lan toả cách hiểu đúng về lá chắn kép đầu đời cho nhiều mẹ khác cùng biết với nha!🌟 **#NANInfiniproA2Buoc3**** ****#DamA2x6HMOxLoiKhuanKep**** ****#TieuHoaTot**** ****#DeKhangKhoe**** ****#DinhDuongCongHuong**** ****#taitro** ****Bài đăng được tài trợ bởi Nestlé Việt Nam**"
183774529022936,HỘI REVIEW BỈM SỮA CHO BÉ <3,2126948888038814,2026-03-17T04:50:00.000Z,707,0,707,missing,https://www.facebook.com/groups/183774529022936/posts/2126948888038814/,"Khoe vs các mẹ chút xíu niềm vui bỉm sữa của e nha. Dạo trước e bị stress mất ngủ nên sữa vơi hẳn, xót con đói sữa nên e dặm thêm ap advanced. Cứ tưởng con quen ti mẹ sẽ chê, may là con hợp sữa. Trộm vía dạo này em bé nhà e hóng chuyện, ai gặp cũng khen làm mẹ mát lòng ghê. Dòng này e thấy ngoài việc êm ru cái bụng thì còn DHA giúp trí não phát triển tốt nữa. Tiêu hoá khoẻ mà con ổn nên mừng lắm lắm. Chia sẽ chút niềm vui nho nhỏ với các mẹ th ạ"
nuoiconbangsuacongthu,Nuôi Con Bằng Sữa Công Thức,1094138206174132,2026-01-11T03:37:13.000Z,1208,512,696,underfilled,https://www.facebook.com/groups/nuoiconbangsuacongthu/posts/1094138206174132/,"ko bít các mẹ sao chứ t thì thấy bé tiêu hóa ổn là t mừg lắm r Đổi sang friso bản mới mới tầm tháng nay, thấy bé êm bụng, ngủ cũng sâu hơn. Trộm dzía con hạp sữa!"
nuoiconbangsuacongthu,Nuôi Con Bằng Sữa Công Thức,1007429364845017,2025-09-24T07:51:53.000Z,734,50,684,underfilled,https://www.facebook.com/groups/nuoiconbangsuacongthu/posts/1007429364845017/,"Mẹ Hà Nội vốn kỹ tính trong từng lựa chọn cho con, đặc biệt là sữa phải minh bạch về nguồn gốc và công thức. Sau khi tận mắt chứng kiến quy trình kiểm chứng tại Phòng nghiên cứu Khoa học của Nestlé, mình hoàn toàn yên tâm khi đồng hành cùng NAN Optipro Plus – dòng sữa vừa chuẩn khoa học vừa giúp con tiêu hoá khỏe, ăn ngon ngủ sâu 💚 #NANOptiproPlus4 #5HMO #HoTroTieuHoaDeKhang #MatBungAnNgon #ChonNanChatLuongThuySi #NANChuanKhoaHocMeTinChon #155NamKhoaHoc"
1710547889070752,HỘI NUÔI CON BẰNG SỮA CÔNG THỨC,9956312664494192,2025-07-24T12:39:04.000Z,778,155,623,underfilled,https://www.facebook.com/groups/1710547889070752/posts/9956312664494192/,"Từ lúc con e gần 6m là em bắt đầu lo lắng vụ đi làm lại là ai sẽ chăm con rồi bú sct có chịu ko😣, con bú sữa mẹ quen rồi, chỉ mong tìm loại nào mát, dễ hấp thu, gần giống sữa mẹ nhất. Đọc thì thấy đạm A2 là gần nhất với đạm sữa mẹ, tiêu hoá dễ, bé ít táo hơn nữa. mà có nhiều hãng quá, nhiều mẹ recommend a2 Platinum 100% đạm a2. Mẹ nào cho bé uống r cho e xin review thật nha, hợp ko, bé bú có ổn ko ạ"
1710547889070752,HỘI NUÔI CON BẰNG SỮA CÔNG THỨC,25893299207035616,2026-03-31T08:59:34.000Z,611,0,611,missing,https://www.facebook.com/groups/1710547889070752/posts/25893299207035616/,"Trộm vía sau 2 tháng theo dòng Dielac voi xanh này, kết hợp thêm cho bé ăn uống ngủ nghỉ đúng giờ vs chăm tập bơi nên bé nhà em tăng cũng ngót 1 ki rồi, người chắc nịch rồi các mom ạ. Bé mê nhất là vị chuối, nên ngày nào cũng 3 cữ sữa vô tư, cứ gọi là hợp tác k cần giục một câu nào. Sữa vị ngọt thanh, thi thoảng e có đổi sang vị dâu hoặc vị nguyên bản nên bé uống hào hứng lắm. Mom nào có con đang cần cải thiện cân nặng, chiều cao thì tham khảo thử dòng Dielac grow plus này xem sao ạ, mẹ con em là gắn bó lâu dài rùi"
6183167068463220,KINH NGHIỆM CHỌN SỮA CÔNG THỨC CHO BÉ YÊU,24227614093591908,2025-07-26T11:26:10.000Z,1007,448,559,underfilled,https://www.facebook.com/groups/6183167068463220/posts/24227614093591908/,"Đọc được bản tin NAN sớm hơn thì được thêm chuyến đi vui rồi 😣 Đợt đi Đà Nẵng vừa rồi tưởng vui mà rốt cuộc đêm đầu tiên con ôm bụng khóc, người lấm tấm mẩn đỏ làm mình hoảng loạn luôn. Cả ngày đi chơi, con thử hết món này món kia, ngủ muộn, uống nước lạnh, mình cứ nghĩ là bình thường, ai ngờ đến tối bụng con quặn, ngủ không yên. Lúc đó chỉ biết bôi kem, xoa bụng, dỗ con mà chẳng hiểu nguyên nhân thực sự từ đâu. Hôm qua tình cờ đọc được bản tin của NAN Supreme Pro mới vỡ lẽ ra nhiều thứ. Trong đó giải thích rõ luôn: với bé có cơ địa mẫn cảm, chỉ cần đổi môi trường, giờ giấc sinh hoạt lệch, ăn món mới, uống nước lạnh… là bụng dễ bị quá tải, tiêu hóa phản ứng ngay, da cũng dễ nổi mẩn. Họ còn chỉ cụ thể mấy tình huống đi chơi hay gặp như thử buffet khách sạn, ăn kem giải nhiệt, chạy ngoài trời rồi vào phòng điều hòa lạnh… toàn những chuyện mình đã mắc phải. Bài còn gợi ý cách chuẩn bị rất cụ thể, thấy hợp lý quá nên note lại chia sẻ cho các mẹ: – Dù đi chơi cũng nên giữ giờ ăn, giờ ngủ của bé càng đều càng tốt, tránh để bé mệt quá rồi mới ép ăn. – Chọn món quen, dễ tiêu như cháo, rau củ hấp, tránh cho con thử liên tục nhiều món lạ. – Hạn chế cho uống nước lạnh, ăn kem nhiều vì dạ dày bé chưa kịp thích nghi. – Và đặc biệt, khi thay đổi môi trường, bé dễ bị stress đường ruột nên mẹ nên cân nhắc chọn sữa có đạm cắt nhỏ hơn để bụng bé nhẹ nhàng, dễ hấp thu hơn. Trong bài có nhắc tới đạm whey thủy phân một phần – mình thấy rất hợp lý, đang tính hỏi kỹ hơn để chọn thử cho con. Mình chia sẻ lại để mẹ nào chuẩn bị dẫn bé đi xa thì chuẩn bị kỹ hơn. Bé khỏe bụng, ngủ ngon thì mới tận hưởng hết chuyến đi được. Đừng để con phải ôm bụng khóc trong khách sạn như bé nhà mình hôm ấy, xót lắm các mẹ ạ 🥺 #MuaKhongManCam #BanTinManCam #NANSupremepro3 #DamWheyThuyPhanMotPhan #HoTroCoDiaManCam #HoTroTieuHoaDeKhang #TuoiNhoCanDamNho"
nuoiconbangsuacongthu,Nuôi Con Bằng Sữa Công Thức,1011170244470929,2025-09-20T12:31:42.000Z,728,200,528,underfilled,https://www.facebook.com/groups/nuoiconbangsuacongthu/posts/1011170244470929/,"Mẹ Phú Yên, mong muốn con **tăng đề kháng, tiêu hoá tốt**. Nhờ có chứng nhận khoa học tại Nestlé, mẹ thêm tin NAN Optipro Plus là giải pháp đúng đắn. #NANOptiproPlus4 #5HMO #HoTroTieuHoaDeKhang #MatBungAnNgon #ChonNanChatLuongThuySi #NANChuanKhoaHocMeTinChon #155NamKhoaHoc"
nuoiconbangsuacongthu,Nuôi Con Bằng Sữa Công Thức,1011130961141524,2025-09-20T12:27:57.000Z,760,290,470,underfilled,https://www.facebook.com/groups/nuoiconbangsuacongthu/posts/1011130961141524/,"Mẹ Bắc Ninh kỹ tính từng thành phần, chọn NAN Optipro Plus giúp con m ăn ngon, bụng khỏe, mẹ yên tâm. Nhờ Nestlé Science Lab kiểm chứng, mẹ càng vững tin vì công thức chuẩn khoa học mẹ mong. #NANOptiproPlus4 #5HMO #HoTroTieuHoaDeKhang #MatBungAnNgon #ChonNanChatLuongThuySi #NANChuanKhoaHocMeTinChon #155NamKhoaHoc"
183774529022936,HỘI REVIEW BỈM SỮA CHO BÉ <3,1855110221889350,2025-05-02T13:28:44.000Z,641,240,401,underfilled,https://www.facebook.com/groups/183774529022936/posts/1855110221889350/,"Bé nhà e 1w đang bú sữa ngoài vì e bị tắc sữa, mỗi lần bú xong là trớ, đây là do đường ruột bé yếu hay do sữa khó tiêu với bé ạ? Thường các mom cho bé uống sữa gì nhanh tiêu cho con ko thì chỉ e với chứ e xót quá"
6183167068463220,KINH NGHIỆM CHỌN SỮA CÔNG THỨC CHO BÉ YÊU,9786636361449588,2025-05-02T13:40:45.000Z,611,246,365,underfilled,https://www.facebook.com/groups/6183167068463220/posts/9786636361449588/,"em đang 30w muốn tham khảo vài nhãn sữa để phòng hờ tgian đầu e chưa có sữa, các mẹ hay dùng sữa nào chuyên về tiêu hoá cho trẻ sơ sinh nhỉ, e sợ bé đường ruột còn yếu, với mua ở đâu bảo đảm chính hãng chỉ e luôn với ạ"
804858320013004,HỘI REVIEW SỮA CÔNG THỨC,2089817504850406,2025-02-15T12:01:19.000Z,557,231,326,underfilled,https://www.facebook.com/groups/804858320013004/posts/2089817504850406/,"Có mom nào giống em, đang tìm Optimum Gold mà tìm hoài k thấy hem? 🤔 KKKK đúng rùi vì Optimum vừa tân trang bao bì mới mà​ E nghe nói loại mới ra này có công thức đột phá tận 6 HMO, chất này chiếm hơn 58% tph trong sữa mẹ.​ Trc đây e dùng Optimum Gold bản cũ thấy con hợp tác lắm, trộm vía bụng dạ tốt hẳn lên, ít bị táo bón nên giờ nghe có công thức mới là muốn hốt về ngay.​ Chứ trvia con hợp sữa này nên e cũng k muốn đổi, đã HMO lại còn chất xơ hoà tan vs nhiều lợi khuẩn tốt cho tiêu hoá của con nên càng phải mua tiếp."
1710547889070752,HỘI NUÔI CON BẰNG SỮA CÔNG THỨC,8697775783681226,2025-01-19T13:19:26.000Z,547,222,325,underfilled,https://www.facebook.com/groups/1710547889070752/posts/8697775783681226/,"Bé nhà mình mấy nay tự nhiên bị tiêu chảy, chắc do mới từ bú mẹ sang uống sữa công thức mà sữa mình đang xài ko có hợp con. ​ Đang tìm sữa nào hỗ trợ tiêu hoá tốt cho con thì thấy Optimum Gold được khen nhiều ghê nơi, vì có tới 6 HMO gần nhất với sữa mẹ, có cả chất xơ và probiotics tốt cho tiêu hoá các thứ nên rất là gần với sữa mẹ nha. mom nào dùng rồi cho e xin review nhenn! ​ Hqua đi siêu thị thấy e có thấy, mà công nhận lon sữa nhìn cao cấp, cầm chắc tay thích dã man. Màu vàng sáng, có hình mẹ con rồng nhìn cũng iu lắm."
804858320013004,HỘI REVIEW SỮA CÔNG THỨC,2397431057422381,2026-01-29T07:01:46.000Z,540,221,319,underfilled,https://www.facebook.com/groups/804858320013004/posts/2397431057422381/,"con e 13th tuổi dạo này cứ đi phân lỏng hoài mà e lo quá. e đi khám bsi thì bác bảo do đường ruột con đg yếu, dễ nhiễm khuẩn. e đc gth dùng thử colosbaby, nay dùng đc 3 tuần r thì thấy phân k còn lỏng nữa, bé cx khỏe hơn nên đỡ lo nhìu"
reviewsuacongthuc,Hội Review sữa công thức có tâm!!!,24229363293323634,2025-06-11T14:32:54.000Z,573,256,317,underfilled,https://www.facebook.com/groups/reviewsuacongthuc/posts/24229363293323634/,"Bé sơ sinh bị khó tiêu, ợ hơi nhiều thì mình nên massage bụng theo hướng nào vậy ạ? Em thấy nhiều clip nhưng mỗi nơi chỉ một kiểu khác nha quá không biết sao, hay có mom nào có kinh nghiệm chia sẽ em với."
1710547889070752,HỘI NUÔI CON BẰNG SỮA CÔNG THỨC,8802918259833644,2025-02-09T11:28:27.000Z,531,216,315,underfilled,https://www.facebook.com/groups/1710547889070752/posts/8802918259833644/,"Các mom có biết Optimum Gold đổi bao bì mới chưa ta? Xink lắm á! ​ E hôm trước đi mua mà cứ ngơ ngác tìm mãi k thấy Optimum Gold đâu, hỏi bé nhân viên mới biết là sữa đổi bao bì rồi. Bao bì mới xinh cực, màu vàng tươi sáng, có hình mẹ con rồng nổi bần bật lun mà mỗi tuổi thì hình cũng thay đổi theo. Loại 1 của em là bé rồng trên luwg mẹ cưng dễ xợ. Nói chứ e k dám đổi sữa lun á, đã dùng 1 dòng Optimum Gold trộm vía con hợp tác thì em theo lun nên đi mua ko thấy cái đúng hoảng. Sữa này có 6 HMO gần giống sữa mẹ nhất, lại còn bổ sung chất xơ hoà tan với 1 tỷ probiotics tốt cho tiêu hoá nè. Các mom cứ mạnh dạn mua về dùng thử xem sao nha. E thấy ổn áp lắm á, nhất là mấy bé tiêu hóa không tốt hay bị táo bón, thì e càng thấy cho con uống sữa này là đúng bài."
